,pdbid,resseq,chain_id,resname
0,6g95,53,A,CYS
1,6g95,108,A,CYS
2,6g95,121,A,CYS
3,6g95,135,A,CYS
4,6g95,147,A,CYS
5,6g95,511,B,CYS
6,6g95,556,B,CYS
7,6g95,601,B,CYS
8,6g95,608,B,CYS
9,6g95,609,B,CYS
10,3s7m,217,A,CYS
11,3s7m,279,A,CYS
12,3s7m,331,A,CYS
13,3s7m,381,A,CYS
14,3s7m,421,A,CYS
15,3s7m,444,A,CYS
16,4j1c,216,A,CYS
17,4j1c,278,A,CYS
18,4j1c,330,A,CYS
19,4j1c,380,A,CYS
20,4j1c,420,A,CYS
21,4j1c,443,A,CYS
22,5klv,144,E,CYS
23,5klv,160,E,CYS
24,5klv,24,H,CYS
25,5klv,40,H,CYS
26,5klv,54,H,CYS
27,5klv,68,H,CYS
28,2of0,155,A,CYS
29,2of0,217,A,CYS
30,2of0,269,A,CYS
31,2of0,319,A,CYS
32,2of0,359,A,CYS
33,2of0,382,A,CYS
34,4qin,193,A,CYS
35,4qin,213,A,CYS
36,4qin,217,A,CYS
37,4qin,295,A,CYS
38,4qin,314,A,CYS
39,4qin,390,A,CYS
40,4qin,490,A,CYS
41,4qin,507,A,CYS
42,6ky7,6,A,CYS
43,6ky7,15,A,CYS
44,6ky7,28,A,CYS
45,6ky7,129,A,CYS
46,6ky7,133,A,CYS
47,6ky7,139,A,CYS
48,6ky7,157,A,CYS
49,6ky7,167,A,CYS
50,6ky7,237,A,CYS
51,6ky7,248,A,CYS
52,6ky7,456,A,CYS
53,6ky7,513,A,CYS
54,6ky7,554,A,CYS
55,6ky7,579,A,CYS
56,5wzv,25,A,CYS
57,5wzv,27,A,CYS
58,5wzv,42,A,CYS
59,5wzv,43,A,CYS
60,5wzv,48,A,CYS
61,5wzv,49,A,CYS
62,5wzv,58,A,CYS
63,5wzv,76,A,CYS
64,5wzv,82,A,CYS
65,5wzv,87,A,CYS
66,5wzv,89,A,CYS
67,5wzv,96,A,CYS
68,5wzv,116,A,CYS
69,5wzv,123,A,CYS
70,6bqh,127,A,CYS
71,6bqh,207,A,CYS
72,6bqh,337,A,CYS
73,6bqh,341,A,CYS
74,4uy1,11,A,CYS
75,4uy1,25,A,CYS
76,4uy1,27,A,CYS
77,4uy1,42,A,CYS
78,4uy1,43,A,CYS
79,4uy1,48,A,CYS
80,4uy1,49,A,CYS
81,4uy1,58,A,CYS
82,4uy1,69,A,CYS
83,4uy1,76,A,CYS
84,4uy1,83,A,CYS
85,4uy1,88,A,CYS
86,4uy1,90,A,CYS
87,4uy1,97,A,CYS
88,4uy1,115,A,CYS
89,4uy1,122,A,CYS
90,4uy1,11,B,CYS
91,4uy1,25,B,CYS
92,4uy1,27,B,CYS
93,4uy1,42,B,CYS
94,4uy1,43,B,CYS
95,4uy1,48,B,CYS
96,4uy1,49,B,CYS
97,4uy1,58,B,CYS
98,4uy1,69,B,CYS
99,4uy1,76,B,CYS
100,4uy1,83,B,CYS
101,4uy1,88,B,CYS
102,4uy1,90,B,CYS
103,4uy1,97,B,CYS
104,4uy1,115,B,CYS
105,4uy1,122,B,CYS
106,3zov,216,A,CYS
107,3zov,278,A,CYS
108,3zov,330,A,CYS
109,3zov,380,A,CYS
110,3zov,420,A,CYS
111,3zov,443,A,CYS
112,6k1s,208,B,CYS
113,6k1s,247,B,CYS
114,5wzt,25,A,CYS
115,5wzt,27,A,CYS
116,5wzt,42,A,CYS
117,5wzt,43,A,CYS
118,5wzt,48,A,CYS
119,5wzt,49,A,CYS
120,5wzt,58,A,CYS
121,5wzt,76,A,CYS
122,5wzt,82,A,CYS
123,5wzt,87,A,CYS
124,5wzt,89,A,CYS
125,5wzt,96,A,CYS
126,5wzt,116,A,CYS
127,5wzt,123,A,CYS
128,2a0z,28,A,CYS
129,2a0z,37,A,CYS
130,2a0z,95,A,CYS
131,2a0z,122,A,CYS
132,2a0z,649,A,CYS
133,2a0z,651,A,CYS
134,2a0z,677,A,CYS
135,2a0z,696,A,CYS
136,6aky,20,A,CYS
137,6aky,101,A,CYS
138,6aky,178,A,CYS
139,6aky,269,A,CYS
140,4p0n,488,B,CYS
141,4p0n,492,B,CYS
142,3vjl,328,A,CYS
143,3vjl,339,A,CYS
144,3vjl,385,A,CYS
145,3vjl,394,A,CYS
146,3vjl,444,A,CYS
147,3vjl,447,A,CYS
148,3vjl,454,A,CYS
149,3vjl,472,A,CYS
150,3vjl,649,A,CYS
151,3vjl,762,A,CYS
152,3vjl,328,B,CYS
153,3vjl,339,B,CYS
154,3vjl,385,B,CYS
155,3vjl,394,B,CYS
156,3vjl,444,B,CYS
157,3vjl,447,B,CYS
158,3vjl,454,B,CYS
159,3vjl,472,B,CYS
160,3vjl,649,B,CYS
161,3vjl,762,B,CYS
162,6hld,211,A,CYS
163,6hld,303,A,CYS
164,6hld,333,A,CYS
165,6hld,360,A,CYS
166,6hld,450,A,CYS
167,6hld,474,A,CYS
168,3co5,242,B,CYS
169,3co5,253,B,CYS
170,2ohq,155,A,CYS
171,2ohq,217,A,CYS
172,2ohq,269,A,CYS
173,2ohq,319,A,CYS
174,2ohq,359,A,CYS
175,2ohq,382,A,CYS
176,5a4t,286,C,CYS
177,5a4t,312,C,CYS
178,6qad,65,A,CYS
179,6qad,92,A,CYS
180,6qad,252,A,CYS
181,6qad,263,A,CYS
182,6qad,400,A,CYS
183,6qad,519,A,CYS
184,3hpt,90,A,CYS
185,3hpt,95,A,CYS
186,3hpt,101,A,CYS
187,3hpt,110,A,CYS
188,3hpt,112,A,CYS
189,3hpt,121,A,CYS
190,3hpt,129,A,CYS
191,3hpt,136,A,CYS
192,3hpt,140,A,CYS
193,3hpt,149,A,CYS
194,3hpt,151,A,CYS
195,3hpt,164,A,CYS
196,3hpt,172,A,CYS
197,3hpt,22,B,CYS
198,3hpt,27,B,CYS
199,3hpt,42,B,CYS
200,3hpt,58,B,CYS
201,3hpt,122,B,CYS
202,3hpt,168,B,CYS
203,3hpt,182,B,CYS
204,3hpt,191,B,CYS
205,3hpt,220,B,CYS
206,3hpt,90,C,CYS
207,3hpt,95,C,CYS
208,3hpt,101,C,CYS
209,3hpt,110,C,CYS
210,3hpt,112,C,CYS
211,3hpt,121,C,CYS
212,3hpt,129,C,CYS
213,3hpt,136,C,CYS
214,3hpt,140,C,CYS
215,3hpt,149,C,CYS
216,3hpt,151,C,CYS
217,3hpt,164,C,CYS
218,3hpt,172,C,CYS
219,3hpt,22,D,CYS
220,3hpt,27,D,CYS
221,3hpt,42,D,CYS
222,3hpt,58,D,CYS
223,3hpt,122,D,CYS
224,3hpt,168,D,CYS
225,3hpt,182,D,CYS
226,3hpt,191,D,CYS
227,3hpt,220,D,CYS
228,2ha5,69,A,CYS
229,2ha5,96,A,CYS
230,2ha5,257,A,CYS
231,2ha5,272,A,CYS
232,2ha5,409,A,CYS
233,2ha5,529,A,CYS
234,2ha5,69,B,CYS
235,2ha5,96,B,CYS
236,2ha5,257,B,CYS
237,2ha5,272,B,CYS
238,2ha5,409,B,CYS
239,2ha5,529,B,CYS
240,5ihr,205,A,CYS
241,5ihr,206,A,CYS
242,5ihr,266,A,CYS
243,5ihr,315,A,CYS
244,4j1i,216,A,CYS
245,4j1i,278,A,CYS
246,4j1i,330,A,CYS
247,4j1i,380,A,CYS
248,4j1i,420,A,CYS
249,4j1i,443,A,CYS
250,4gcc,6,A,CYS
251,4gcc,30,A,CYS
252,4gcc,64,A,CYS
253,4gcc,76,A,CYS
254,4gcc,80,A,CYS
255,4gcc,94,A,CYS
256,4gcc,115,A,CYS
257,4gcc,127,A,CYS
258,3cv6,5,A,CYS
259,3cv6,7,A,CYS
260,2ohm,155,A,CYS
261,2ohm,217,A,CYS
262,2ohm,269,A,CYS
263,2ohm,319,A,CYS
264,2ohm,359,A,CYS
265,2ohm,382,A,CYS
266,5j1x,275,A,CYS
267,5j1x,424,A,CYS
268,5j1x,275,B,CYS
269,5j1x,424,B,CYS
270,5j1x,275,C,CYS
271,5j1x,424,C,CYS
272,5j1x,275,D,CYS
273,5j1x,424,D,CYS
274,2zjj,155,A,CYS
275,2zjj,217,A,CYS
276,2zjj,269,A,CYS
277,2zjj,319,A,CYS
278,2zjj,359,A,CYS
279,2zjj,382,A,CYS
280,4q1n,45,A,CYS
281,4q1n,50,A,CYS
282,4q1n,206,A,CYS
283,4q1n,210,A,CYS
284,4q1n,249,A,CYS
285,4q1n,282,A,CYS
286,4q1n,45,B,CYS
287,4q1n,50,B,CYS
288,4q1n,249,B,CYS
289,4q1n,282,B,CYS
290,4bek,216,A,CYS
291,4bek,278,A,CYS
292,4bek,330,A,CYS
293,4bek,380,A,CYS
294,4bek,420,A,CYS
295,4bek,443,A,CYS
296,5kr8,203,A,CYS
297,5kr8,265,A,CYS
298,5kr8,407,A,CYS
299,5kr8,430,A,CYS
300,4z3m,6,A,CYS
301,4z3m,30,A,CYS
302,4z3m,64,A,CYS
303,4z3m,76,A,CYS
304,4z3m,80,A,CYS
305,4z3m,94,A,CYS
306,4z3m,115,A,CYS
307,4z3m,127,A,CYS
308,2c4h,67,A,CYS
309,2c4h,94,A,CYS
310,2c4h,254,A,CYS
311,2c4h,265,A,CYS
312,2c4h,402,A,CYS
313,2c4h,521,A,CYS
314,2v1s,100,A,CYS
315,2v1s,100,B,CYS
316,2v1s,100,C,CYS
317,2v1s,100,D,CYS
318,2v1s,100,E,CYS
319,2v1s,100,F,CYS
320,2v1s,24,H,CY3
321,2v1s,24,I,CY3
322,2v1s,24,J,CY3
323,2v1s,24,K,CY3
324,2v1s,24,L,CY3
325,2v1s,24,M,CY3
326,2ohl,155,A,CYS
327,2ohl,217,A,CYS
328,2ohl,269,A,CYS
329,2ohl,319,A,CYS
330,2ohl,359,A,CYS
331,2ohl,382,A,CYS
332,2zjk,155,A,CYS
333,2zjk,217,A,CYS
334,2zjk,269,A,CYS
335,2zjk,319,A,CYS
336,2zjk,359,A,CYS
337,2zjk,382,A,CYS
338,2zjk,155,B,CYS
339,2zjk,217,B,CYS
340,2zjk,269,B,CYS
341,2zjk,319,B,CYS
342,2zjk,359,B,CYS
343,2zjk,382,B,CYS
344,2zjk,155,C,CYS
345,2zjk,217,C,CYS
346,2zjk,269,C,CYS
347,2zjk,319,C,CYS
348,2zjk,359,C,CYS
349,2zjk,382,C,CYS
350,5enk,203,A,CYS
351,5enk,265,A,CYS
352,5enk,407,A,CYS
353,5enk,430,A,CYS
354,2ohp,155,A,CYS
355,2ohp,217,A,CYS
356,2ohp,269,A,CYS
357,2ohp,319,A,CYS
358,2ohp,359,A,CYS
359,2ohp,382,A,CYS
360,4ey5,69,A,CYS
361,4ey5,96,A,CYS
362,4ey5,257,A,CYS
363,4ey5,272,A,CYS
364,4ey5,409,A,CYS
365,4ey5,529,A,CYS
366,4ey5,69,B,CYS
367,4ey5,96,B,CYS
368,4ey5,257,B,CYS
369,4ey5,272,B,CYS
370,4ey5,409,B,CYS
371,4ey5,529,B,CYS
372,4lt1,6,A,CYS
373,4lt1,30,A,CYS
374,4lt1,64,A,CYS
375,4lt1,76,A,CYS
376,4lt1,80,A,CYS
377,4lt1,94,A,CYS
378,4lt1,115,A,CYS
379,4lt1,127,A,CYS
380,5kot,51,A,CYS
381,5kot,58,A,CYS
382,5kot,217,A,CYS
383,5kot,221,A,CYS
384,5kot,259,A,CYS
385,5kot,296,A,CYS
386,5kot,51,B,CYS
387,5kot,58,B,CYS
388,5kot,217,B,CYS
389,5kot,221,B,CYS
390,5kot,259,B,CYS
391,5kot,296,B,CYS
392,5tvh,127,A,CYS
393,5tvh,140,A,CYS
394,5tvh,190,A,CYS
395,5tvh,191,A,CYS
396,5tvh,127,B,CYS
397,5tvh,140,B,CYS
398,5tvh,190,B,CYS
399,5tvh,191,B,CYS
400,5tvh,127,C,CYS
401,5tvh,140,C,CYS
402,5tvh,190,C,CYS
403,5tvh,191,C,CYS
404,5tvh,127,D,CYS
405,5tvh,140,D,CYS
406,5tvh,190,D,CYS
407,5tvh,191,D,CYS
408,5tvh,127,E,CYS
409,5tvh,140,E,CYS
410,5tvh,190,E,CYS
411,5tvh,191,E,CYS
412,2ohk,155,A,CYS
413,2ohk,217,A,CYS
414,2ohk,269,A,CYS
415,2ohk,319,A,CYS
416,2ohk,359,A,CYS
417,2ohk,382,A,CYS
418,3as3,116,A,CYS
419,3as3,121,A,CYS
420,3as3,196,A,CYS
421,3as3,217,A,CYS
422,3as3,409,A,CYS
423,3as3,418,A,CYS
424,4lfd,223,A,CYS
425,4lfd,304,E,B27
426,4lfd,223,B,CYS
427,4lfd,304,F,B27
428,4lfd,223,C,CYS
429,4lfd,304,G,B27
430,4lfd,223,D,CYS
431,4lfd,304,H,B27
432,4isc,51,A,CYS
433,4isc,69,A,CYS
434,4izk,588,A,CYS
435,4izk,604,A,CYS
436,4izk,588,B,CYS
437,4izk,604,B,CYS
438,6lco,6,A,CYS
439,6lco,15,A,CYS
440,6lco,28,A,CYS
441,6lco,129,A,CYS
442,6lco,133,A,CYS
443,6lco,139,A,CYS
444,6lco,157,A,CYS
445,6lco,167,A,CYS
446,6lco,237,A,CYS
447,6lco,248,A,CYS
448,6lco,456,A,CYS
449,6lco,513,A,CYS
450,6lco,554,A,CYS
451,6lco,579,A,CYS
452,5lw9,708,A,CYS
453,5lw9,725,A,CYS
454,4j1k,216,A,CYS
455,4j1k,278,A,CYS
456,4j1k,330,A,CYS
457,4j1k,380,A,CYS
458,4j1k,420,A,CYS
459,4j1k,443,A,CYS
460,5tmg,51,A,CYS
461,5tmg,58,A,CYS
462,5tmg,217,A,CYS
463,5tmg,221,A,CYS
464,5tmg,259,A,CYS
465,5tmg,296,A,CYS
466,5tmg,51,B,CYS
467,5tmg,58,B,CYS
468,5tmg,217,B,CYS
469,5tmg,221,B,CYS
470,5tmg,259,B,CYS
471,5tmg,296,B,CYS
472,5aqk,201,B,CYS
473,5aqk,259,B,CYS
474,1oar,22,H,CYS
475,1oar,96,H,CYS
476,1oar,22,I,CYS
477,1oar,96,I,CYS
478,1oar,22,J,CYS
479,1oar,96,J,CYS
480,1oar,22,K,CYS
481,1oar,96,K,CYS
482,1oar,22,L,CYS
483,1oar,90,L,CYS
484,1oar,22,M,CYS
485,1oar,90,M,CYS
486,1oar,22,N,CYS
487,1oar,90,N,CYS
488,1oar,22,O,CYS
489,1oar,90,O,CYS
490,3h6v,206,A,CYS
491,3h6v,261,A,CYS
492,3h6v,206,B,CYS
493,3h6v,261,B,CYS
494,3zkn,230,A,CYS
495,3zkn,282,A,CYS
496,3zkn,331,A,CYS
497,3zkn,395,A,CYS
498,3zkn,230,B,CYS
499,3zkn,282,B,CYS
500,3zkn,331,B,CYS
501,3zkn,395,B,CYS
502,3zkn,22,C,CYS
503,3zkn,95,C,CYS
504,3zkn,143,C,CYS
505,3zkn,198,C,CYS
506,3zkn,23,D,CYS
507,3zkn,92,D,CYS
508,3zkn,138,D,CYS
509,3zkn,198,D,CYS
510,3zkn,22,H,CYS
511,3zkn,95,H,CYS
512,3zkn,143,H,CYS
513,3zkn,198,H,CYS
514,3zkn,23,L,CYS
515,3zkn,92,L,CYS
516,3zkn,138,L,CYS
517,3zkn,198,L,CYS
518,5zgs,6,A,CYS
519,5zgs,15,A,CYS
520,5zgs,28,A,CYS
521,5zgs,129,A,CYS
522,5zgs,133,A,CYS
523,5zgs,139,A,CYS
524,5zgs,157,A,CYS
525,5zgs,167,A,CYS
526,5zgs,237,A,CYS
527,5zgs,248,A,CYS
528,5zgs,456,A,CYS
529,5zgs,513,A,CYS
530,5zgs,554,A,CYS
531,5zgs,579,A,CYS
532,4wy6,155,A,CYS
533,4wy6,217,A,CYS
534,4wy6,269,A,CYS
535,4wy6,319,A,CYS
536,4wy6,359,A,CYS
537,4wy6,382,A,CYS
538,3vjk,328,A,CYS
539,3vjk,339,A,CYS
540,3vjk,385,A,CYS
541,3vjk,394,A,CYS
542,3vjk,444,A,CYS
543,3vjk,447,A,CYS
544,3vjk,454,A,CYS
545,3vjk,472,A,CYS
546,3vjk,649,A,CYS
547,3vjk,762,A,CYS
548,3vjk,328,B,CYS
549,3vjk,339,B,CYS
550,3vjk,385,B,CYS
551,3vjk,394,B,CYS
552,3vjk,444,B,CYS
553,3vjk,447,B,CYS
554,3vjk,454,B,CYS
555,3vjk,472,B,CYS
556,3vjk,649,B,CYS
557,3vjk,762,B,CYS
558,4kfq,28,A,CYS
559,4kfq,44,A,CYS
560,4kfq,62,A,CYS
561,4kfq,63,A,CYS
562,4kfq,236,A,CYS
563,4kfq,290,A,CYS
564,4kfq,28,B,CYS
565,4kfq,44,B,CYS
566,4kfq,62,B,CYS
567,4kfq,63,B,CYS
568,1e20,118,A,CYS
569,1e20,124,A,CYS
570,5fzl,708,A,CYS
571,5fzl,725,A,CYS
572,4lt3,6,A,CYS
573,4lt3,30,A,CYS
574,4lt3,64,A,CYS
575,4lt3,76,A,CYS
576,4lt3,80,A,CYS
577,4lt3,94,A,CYS
578,4lt3,115,A,CYS
579,4lt3,127,A,CYS
580,3hwj,1745,A,CYS
581,3hwj,1860,A,CYS
582,3hwj,1745,B,CYS
583,3hwj,1860,B,CYS
584,2c93,1,A,CYS
585,2c93,42,B,CYS
586,2c93,58,B,CYS
587,2c93,122,B,CYS
588,2c93,168,B,CYS
589,2c93,182,B,CYS
590,2c93,191,B,CYS
591,2c93,220,B,CYS
592,4g4c,6,A,CYS
593,4g4c,30,A,CYS
594,4g4c,64,A,CYS
595,4g4c,76,A,CYS
596,4g4c,80,A,CYS
597,4g4c,94,A,CYS
598,4g4c,115,A,CYS
599,4g4c,127,A,CYS
600,3wb5,155,A,CYS
601,3wb5,217,A,CYS
602,3wb5,359,A,CYS
603,3wb5,382,A,CYS
604,5gix,53,A,CYS
605,5gix,62,A,CYS
606,5gix,75,A,CYS
607,5gix,90,A,CYS
608,5gix,91,A,CYS
609,5gix,101,A,CYS
610,5gix,124,A,CYS
611,5gix,168,A,CYS
612,5gix,169,A,CYS
613,5gix,177,A,CYS
614,5gix,200,A,CYS
615,5gix,245,A,CYS
616,5gix,246,A,CYS
617,5gix,253,A,CYS
618,5gix,265,A,CYS
619,5gix,278,A,CYS
620,5gix,279,A,CYS
621,5gix,289,A,CYS
622,5gix,316,A,CYS
623,5gix,360,A,CYS
624,5gix,361,A,CYS
625,5gix,369,A,CYS
626,5gix,392,A,CYS
627,5gix,437,A,CYS
628,5gix,438,A,CYS
629,5gix,448,A,CYS
630,5gix,461,A,CYS
631,5gix,476,A,CYS
632,5gix,477,A,CYS
633,5gix,487,A,CYS
634,5gix,514,A,CYS
635,5gix,558,A,CYS
636,5gix,559,A,CYS
637,5gix,567,A,CYS
638,5gix,53,B,CYS
639,5gix,62,B,CYS
640,5gix,75,B,CYS
641,5gix,90,B,CYS
642,5gix,91,B,CYS
643,5gix,101,B,CYS
644,5gix,124,B,CYS
645,5gix,168,B,CYS
646,5gix,169,B,CYS
647,5gix,177,B,CYS
648,5gix,200,B,CYS
649,5gix,245,B,CYS
650,5gix,246,B,CYS
651,5gix,253,B,CYS
652,5gix,265,B,CYS
653,5gix,278,B,CYS
654,5gix,279,B,CYS
655,5gix,289,B,CYS
656,5gix,316,B,CYS
657,5gix,360,B,CYS
658,5gix,361,B,CYS
659,5gix,369,B,CYS
660,5gix,392,B,CYS
661,5gix,437,B,CYS
662,5gix,438,B,CYS
663,5gix,448,B,CYS
664,5gix,461,B,CYS
665,5gix,476,B,CYS
666,5gix,477,B,CYS
667,5gix,487,B,CYS
668,5gix,514,B,CYS
669,5gix,558,B,CYS
670,5gix,559,B,CYS
671,5gix,567,B,CYS
672,2c58,67,A,CYS
673,2c58,94,A,CYS
674,2c58,254,A,CYS
675,2c58,265,A,CYS
676,2c58,402,A,CYS
677,2c58,521,A,CYS
678,5sy3,51,A,CYS
679,5sy3,58,A,CYS
680,5sy3,217,A,CYS
681,5sy3,221,A,CYS
682,5sy3,259,A,CYS
683,5sy3,296,A,CYS
684,5sy3,51,B,CYS
685,5sy3,58,B,CYS
686,5sy3,217,B,CYS
687,5sy3,221,B,CYS
688,5sy3,259,B,CYS
689,5sy3,296,B,CYS
690,3zs0,1,A,CYS
691,3zs0,14,A,CYS
692,3zs0,1,B,CYS
693,3zs0,14,B,CYS
694,3zs0,115,C,CYS
695,3zs0,119,C,CYS
696,3zs0,125,C,CYS
697,3zs0,143,C,CYS
698,3zs0,221,C,CYS
699,3zs0,232,C,CYS
700,3zs0,440,C,CYS
701,3zs0,497,C,CYS
702,3zs0,538,C,CYS
703,3zs0,564,C,CYS
704,3zs0,115,D,CYS
705,3zs0,119,D,CYS
706,3zs0,125,D,CYS
707,3zs0,143,D,CYS
708,3zs0,221,D,CYS
709,3zs0,232,D,CYS
710,3zs0,440,D,CYS
711,3zs0,497,D,CYS
712,3zs0,538,D,CYS
713,3zs0,564,D,CYS
714,1nbp,58,A,CYS
715,1nbp,105,A,CYS
716,2ohu,155,A,CYS
717,2ohu,217,A,CYS
718,2ohu,269,A,CYS
719,2ohu,319,A,CYS
720,2ohu,359,A,CYS
721,2ohu,382,A,CYS
722,3bxi,6,A,CYS
723,3bxi,15,A,CYS
724,3bxi,28,A,CYS
725,3bxi,129,A,CYS
726,3bxi,133,A,CYS
727,3bxi,139,A,CYS
728,3bxi,157,A,CYS
729,3bxi,167,A,CYS
730,3bxi,237,A,CYS
731,3bxi,248,A,CYS
732,3bxi,456,A,CYS
733,3bxi,513,A,CYS
734,3bxi,554,A,CYS
735,3bxi,579,A,CYS
736,6bcs,26,A,CYS
737,6bcs,75,A,CYS
738,6bcs,122,A,CYS
739,6bcs,134,A,CYS
740,6bcs,144,A,CYS
741,6bcs,174,A,CYS
742,5lwb,706,A,CYS
743,5lwb,708,A,CYS
744,5lwb,723,A,CYS
745,5lwb,725,A,CYS
746,6goh,6,A,CYS
747,6goh,30,A,CYS
748,6goh,64,A,CYS
749,6goh,76,A,CYS
750,6goh,80,A,CYS
751,6goh,94,A,CYS
752,6goh,115,A,CYS
753,6goh,127,A,CYS
754,3g70,51,A,CYS
755,3g70,58,A,CYS
756,3g70,217,A,CYS
757,3g70,221,A,CYS
758,3g70,259,A,CYS
759,3g70,296,A,CYS
760,3g70,51,B,CYS
761,3g70,58,B,CYS
762,3g70,217,B,CYS
763,3g70,221,B,CYS
764,5aqp,201,B,CYS
765,5aqp,259,B,CYS
766,5aqp,201,D,CYS
767,5aqp,259,D,CYS
768,5aqp,201,F,CYS
769,5aqp,259,F,CYS
770,6qab,65,A,CYS
771,6qab,92,A,CYS
772,6qab,252,A,CYS
773,6qab,263,A,CYS
774,6qab,400,A,CYS
775,6qab,519,A,CYS
776,4x2l,155,A,CYS
777,4x2l,217,A,CYS
778,4x2l,269,A,CYS
779,4x2l,319,A,CYS
780,4x2l,359,A,CYS
781,4x2l,382,A,CYS
782,5a4l,286,C,CYS
783,5a4l,312,C,CYS
784,3l75,144,E,CYS
785,3l75,160,E,CYS
786,3l75,24,H,CYS
787,3l75,40,H,CYS
788,3l75,54,H,CYS
789,3l75,68,H,CYS
790,3l75,144,R,CYS
791,3l75,160,R,CYS
792,3l75,24,U,CYS
793,3l75,40,U,CYS
794,3l75,54,U,CYS
795,3l75,68,U,CYS
796,3sjz,59,A,CYS
797,3sjz,62,A,CYS
798,3sjz,74,A,CYS
799,3sjz,77,A,CYS
800,5j5f,123,A,CYS
801,5j5f,136,A,CYS
802,5j5f,187,A,CYS
803,5j5f,188,A,CYS
804,5j5f,123,B,CYS
805,5j5f,136,B,CYS
806,5j5f,187,B,CYS
807,5j5f,188,B,CYS
808,5j5f,123,C,CYS
809,5j5f,136,C,CYS
810,5j5f,187,C,CYS
811,5j5f,188,C,CYS
812,5j5f,123,D,CYS
813,5j5f,136,D,CYS
814,5j5f,187,D,CYS
815,5j5f,188,D,CYS
816,5j5f,123,E,CYS
817,5j5f,136,E,CYS
818,5j5f,187,E,CYS
819,5j5f,188,E,CYS
820,5j5f,123,F,CYS
821,5j5f,136,F,CYS
822,5j5f,187,F,CYS
823,5j5f,188,F,CYS
824,5j5f,123,G,CYS
825,5j5f,136,G,CYS
826,5j5f,187,G,CYS
827,5j5f,188,G,CYS
828,5j5f,123,H,CYS
829,5j5f,136,H,CYS
830,5j5f,187,H,CYS
831,5j5f,188,H,CYS
832,5j5f,123,I,CYS
833,5j5f,136,I,CYS
834,5j5f,187,I,CYS
835,5j5f,188,I,CYS
836,5j5f,123,J,CYS
837,5j5f,136,J,CYS
838,5j5f,187,J,CYS
839,5j5f,188,J,CYS
840,4pyv,45,A,CYS
841,4pyv,50,A,CYS
842,4pyv,206,A,CYS
843,4pyv,210,A,CYS
844,4pyv,249,A,CYS
845,4pyv,282,A,CYS
846,4pyv,45,B,CYS
847,4pyv,50,B,CYS
848,4pyv,206,B,CYS
849,4pyv,210,B,CYS
850,4pyv,249,B,CYS
851,4pyv,282,B,CYS
852,5h2f,19,O,CYS
853,5h2f,44,O,CYS
854,5h2f,19,o,CYS
855,5h2f,44,o,CYS
856,6qac,65,A,CYS
857,6qac,92,A,CYS
858,6qac,252,A,CYS
859,6qac,263,A,CYS
860,6qac,400,A,CYS
861,6qac,519,A,CYS
862,5aqh,201,B,CYS
863,5aqh,259,B,CYS
864,4j1h,216,A,CYS
865,4j1h,278,A,CYS
866,4j1h,330,A,CYS
867,4j1h,380,A,CYS
868,4j1h,420,A,CYS
869,4j1h,443,A,CYS
870,2oht,155,A,CYS
871,2oht,217,A,CYS
872,2oht,269,A,CYS
873,2oht,319,A,CYS
874,2oht,359,A,CYS
875,2oht,382,A,CYS
876,5jq7,53,A,CYS
877,5jq7,108,A,CYS
878,5jq7,121,A,CYS
879,5jq7,135,A,CYS
880,5jq7,147,A,CYS
881,5jq7,511,B,CYS
882,5jq7,556,B,CYS
883,5jq7,601,B,CYS
884,5jq7,608,B,CYS
885,5jq7,609,B,CYS
886,4da1,214,A,CYS
887,4da1,310,A,CYS
888,2ha7,69,A,CYS
889,2ha7,96,A,CYS
890,2ha7,257,A,CYS
891,2ha7,272,A,CYS
892,2ha7,409,A,CYS
893,2ha7,529,A,CYS
894,2ha7,69,B,CYS
895,2ha7,96,B,CYS
896,2ha7,257,B,CYS
897,2ha7,272,B,CYS
898,2ha7,409,B,CYS
899,2ha7,529,B,CYS
900,6jt3,155,A,CYS
901,6jt3,217,A,CYS
902,6jt3,269,A,CYS
903,6jt3,319,A,CYS
904,6jt3,359,A,CYS
905,6jt3,382,A,CYS
906,6a9o,57,A,CYS
907,6a9o,146,A,CYS
908,6a9o,57,B,CYS
909,6a9o,146,B,CYS
910,6a9o,57,C,CYS
911,6a9o,146,C,CYS
912,6a9o,57,D,CYS
913,6a9o,146,D,CYS
914,6a9o,57,E,CYS
915,6a9o,146,E,CYS
916,6a9o,57,F,CYS
917,6a9o,146,F,CYS
918,6a9o,57,G,CYS
919,6a9o,146,G,CYS
920,6a9o,57,H,CYS
921,6a9o,146,H,CYS
922,6a9o,57,I,CYS
923,6a9o,146,I,CYS
924,6a9o,57,J,CYS
925,6a9o,146,J,CYS
926,5wzs,25,A,CYS
927,5wzs,27,A,CYS
928,5wzs,42,A,CYS
929,5wzs,43,A,CYS
930,5wzs,48,A,CYS
931,5wzs,49,A,CYS
932,5wzs,58,A,CYS
933,5wzs,76,A,CYS
934,5wzs,82,A,CYS
935,5wzs,87,A,CYS
936,5wzs,89,A,CYS
937,5wzs,96,A,CYS
938,5wzs,116,A,CYS
939,5wzs,123,A,CYS
940,6r6w,65,A,CYS
941,6r6w,92,A,CYS
942,6r6w,252,A,CYS
943,6r6w,263,A,CYS
944,6r6w,400,A,CYS
945,6r6w,519,A,CYS
946,4nsi,6,A,CYS
947,4nsi,30,A,CYS
948,4nsi,64,A,CYS
949,4nsi,76,A,CYS
950,4nsi,80,A,CYS
951,4nsi,94,A,CYS
952,4nsi,115,A,CYS
953,4nsi,127,A,CYS
954,5ygx,155,A,CYS
955,5ygx,217,A,CYS
956,5ygx,269,A,CYS
957,5ygx,319,A,CYS
958,5ygx,359,A,CYS
959,5ygx,382,A,CYS
960,1yx9,45,A,CYS
961,1yx9,50,A,CYS
962,1yx9,206,A,CYS
963,1yx9,210,A,CYS
964,1yx9,250,A,CYS
965,1yx9,283,A,CYS
966,1exu,96,A,CYS
967,1exu,159,A,CYS
968,1exu,198,A,CYS
969,1exu,252,A,CYS
970,1exu,25,B,CYS
971,1exu,80,B,CYS
972,5oug,125,A,CYS
973,5oug,138,A,CYS
974,5oug,186,A,CYS
975,5oug,187,A,CYS
976,5oug,125,B,CYS
977,5oug,138,B,CYS
978,5oug,186,B,CYS
979,5oug,187,B,CYS
980,5oug,125,C,CYS
981,5oug,138,C,CYS
982,5oug,186,C,CYS
983,5oug,187,C,CYS
984,5oug,125,D,CYS
985,5oug,138,D,CYS
986,5oug,186,D,CYS
987,5oug,187,D,CYS
988,5oug,125,E,CYS
989,5oug,138,E,CYS
990,5oug,186,E,CYS
991,5oug,187,E,CYS
992,4or2,657,A,CYS
993,4or2,746,A,CYS
994,4or2,657,B,CYS
995,4or2,746,B,CYS
996,3bwc,206,A,CYS
997,3bwc,255,A,CYS
998,3bwc,206,B,CYS
999,3bwc,255,B,CYS
1000,2xcu,18,A,CYS
1001,2xcu,70,A,CYS
1002,2xcu,158,A,CYS
1003,2xcu,165,A,CYS
1004,2xcu,279,A,CYS
1005,2xcu,341,A,CYS
1006,2xcu,18,B,CYS
1007,2xcu,70,B,CYS
1008,2xcu,158,B,CYS
1009,2xcu,165,B,CYS
1010,2xcu,279,B,CYS
1011,2xcu,341,B,CYS
1012,2xcu,18,C,CYS
1013,2xcu,70,C,CYS
1014,2xcu,158,C,CYS
1015,2xcu,165,C,CYS
1016,2xcu,279,C,CYS
1017,2xcu,341,C,CYS
1018,2xcu,18,D,CYS
1019,2xcu,70,D,CYS
1020,2xcu,158,D,CYS
1021,2xcu,165,D,CYS
1022,2xcu,279,D,CYS
1023,2xcu,341,D,CYS
1024,6ej1,708,A,CYS
1025,6ej1,725,A,CYS
1026,5ift,205,A,CYS
1027,5ift,206,A,CYS
1028,5ift,266,A,CYS
1029,5ift,315,A,CYS
1030,4il6,19,O,CYS
1031,4il6,44,O,CYS
1032,4il6,19,o,CYS
1033,4il6,44,o,CYS
1034,4p10,178,A,CYS
1035,4p10,191,A,CYS
1036,4p10,250,A,CYS
1037,4p10,265,A,CYS
1038,4p10,274,A,CYS
1039,4p10,279,A,CYS
1040,2ohs,155,A,CYS
1041,2ohs,217,A,CYS
1042,2ohs,269,A,CYS
1043,2ohs,319,A,CYS
1044,2ohs,359,A,CYS
1045,2ohs,382,A,CYS
1046,4lt0,6,A,CYS
1047,4lt0,30,A,CYS
1048,4lt0,64,A,CYS
1049,4lt0,76,A,CYS
1050,4lt0,80,A,CYS
1051,4lt0,94,A,CYS
1052,4lt0,115,A,CYS
1053,4lt0,127,A,CYS
1054,2ohr,155,A,CYS
1055,2ohr,217,A,CYS
1056,2ohr,269,A,CYS
1057,2ohr,319,A,CYS
1058,2ohr,359,A,CYS
1059,2ohr,382,A,CYS
1060,2c90,1,A,CYS
1061,2c90,42,B,CYS
1062,2c90,58,B,CYS
1063,2c90,122,B,CYS
1064,2c90,168,B,CYS
1065,2c90,182,B,CYS
1066,2c90,191,B,CYS
1067,2c90,220,B,CYS
1068,3o6h,206,A,CYS
1069,3o6h,261,A,CYS
1070,4rz1,45,A,CYS
1071,4rz1,50,A,CYS
1072,4rz1,206,A,CYS
1073,4rz1,210,A,CYS
1074,4rz1,249,A,CYS
1075,4rz1,282,A,CYS
1076,4rz1,45,B,CYS
1077,4rz1,50,B,CYS
1078,4rz1,206,B,CYS
1079,4rz1,210,B,CYS
1080,4rz1,249,B,CYS
1081,4rz1,282,B,CYS
1082,6jsf,179,A,CYS
1083,6jsf,241,A,CYS
1084,6jsf,293,A,CYS
1085,6jsf,343,A,CYS
1086,6jsf,383,A,CYS
1087,6jsf,406,A,CYS
1088,5hpw,6,A,CYS
1089,5hpw,15,A,CYS
1090,5hpw,28,A,CYS
1091,5hpw,129,A,CYS
1092,5hpw,133,A,CYS
1093,5hpw,139,A,CYS
1094,5hpw,157,A,CYS
1095,5hpw,167,A,CYS
1096,5hpw,237,A,CYS
1097,5hpw,248,A,CYS
1098,5hpw,456,A,CYS
1099,5hpw,513,A,CYS
1100,5hpw,554,A,CYS
1101,5hpw,579,A,CYS
1102,5hpw,6,B,CYS
1103,5hpw,15,B,CYS
1104,5hpw,28,B,CYS
1105,5hpw,129,B,CYS
1106,5hpw,133,B,CYS
1107,5hpw,139,B,CYS
1108,5hpw,157,B,CYS
1109,5hpw,167,B,CYS
1110,5hpw,237,B,CYS
1111,5hpw,248,B,CYS
1112,5hpw,456,B,CYS
1113,5hpw,513,B,CYS
1114,5hpw,554,B,CYS
1115,5hpw,579,B,CYS
1116,5hpw,15,C,CYS
1117,5hpw,28,C,CYS
1118,5hpw,129,C,CYS
1119,5hpw,133,C,CYS
1120,5hpw,139,C,CYS
1121,5hpw,157,C,CYS
1122,5hpw,237,C,CYS
1123,5hpw,248,C,CYS
1124,5hpw,456,C,CYS
1125,5hpw,513,C,CYS
1126,5hpw,554,C,CYS
1127,5hpw,579,C,CYS
1128,5hpw,6,D,CYS
1129,5hpw,15,D,CYS
1130,5hpw,28,D,CYS
1131,5hpw,129,D,CYS
1132,5hpw,133,D,CYS
1133,5hpw,139,D,CYS
1134,5hpw,157,D,CYS
1135,5hpw,167,D,CYS
1136,5hpw,237,D,CYS
1137,5hpw,248,D,CYS
1138,5hpw,456,D,CYS
1139,5hpw,513,D,CYS
1140,5hpw,554,D,CYS
1141,5hpw,579,D,CYS
1142,4j0t,216,A,CYS
1143,4j0t,278,A,CYS
1144,4j0t,330,A,CYS
1145,4j0t,380,A,CYS
1146,4j0t,420,A,CYS
1147,4j0t,443,A,CYS
1148,4k7i,47,C,CYS
1149,4k7i,151,C,CYS
1150,4m53,59,A,CYS
1151,4m53,62,A,CYS
1152,4m53,74,A,CYS
1153,4m53,77,A,CYS
1154,5fyu,708,A,CYS
1155,5fyu,725,A,CYS
1156,1way,1,A,CYS
1157,1way,42,B,CYS
1158,1way,58,B,CYS
1159,1way,122,B,CYS
1160,1way,168,B,CYS
1161,1way,182,B,CYS
1162,1way,191,B,CYS
1163,1way,220,B,CYS
1164,4gce,6,A,CYS
1165,4gce,30,A,CYS
1166,4gce,64,A,CYS
1167,4gce,76,A,CYS
1168,4gce,80,A,CYS
1169,4gce,94,A,CYS
1170,4gce,115,A,CYS
1171,4gce,127,A,CYS
1172,5fpl,706,A,CYS
1173,5fpl,708,A,CYS
1174,5fpl,723,A,CYS
1175,5fpl,725,A,CYS
1176,5ouh,125,A,CYS
1177,5ouh,138,A,CYS
1178,5ouh,186,A,CYS
1179,5ouh,187,A,CYS
1180,5ouh,125,B,CYS
1181,5ouh,138,B,CYS
1182,5ouh,186,B,CYS
1183,5ouh,187,B,CYS
1184,5ouh,125,C,CYS
1185,5ouh,138,C,CYS
1186,5ouh,186,C,CYS
1187,5ouh,187,C,CYS
1188,5ouh,125,D,CYS
1189,5ouh,138,D,CYS
1190,5ouh,186,D,CYS
1191,5ouh,187,D,CYS
1192,5ouh,125,E,CYS
1193,5ouh,138,E,CYS
1194,5ouh,186,E,CYS
1195,5ouh,187,E,CYS
1196,3h6t,206,A,CYS
1197,3h6t,261,A,CYS
1198,3h6t,206,B,CYS
1199,3h6t,261,B,CYS
1200,3h6t,206,C,CYS
1201,3h6t,261,C,CYS
1202,4g4h,6,A,CYS
1203,4g4h,30,A,CYS
1204,4g4h,64,A,CYS
1205,4g4h,76,A,CYS
1206,4g4h,80,A,CYS
1207,4g4h,94,A,CYS
1208,4g4h,115,A,CYS
1209,4g4h,127,A,CYS
1210,6f6i,53,A,CYS
1211,6f6i,108,A,CYS
1212,6f6i,121,A,CYS
1213,6f6i,135,A,CYS
1214,6f6i,147,A,CYS
1215,6f6i,511,B,CYS
1216,6f6i,556,B,CYS
1217,6f6i,601,B,CYS
1218,6f6i,608,B,CYS
1219,6f6i,609,B,CYS
1220,3oo2,201,A,CYS
1221,3oo2,215,A,CYS
1222,3oo2,201,B,CYS
1223,3oo2,215,B,CYS
1224,6hs4,53,A,CYS
1225,6hs4,108,A,CYS
1226,6hs4,121,A,CYS
1227,6hs4,135,A,CYS
1228,6hs4,147,A,CYS
1229,6hs4,511,B,CYS
1230,6hs4,556,B,CYS
1231,6hs4,601,B,CYS
1232,6hs4,608,B,CYS
1233,6hs4,609,B,CYS
1234,2fj0,92,A,CYS
1235,2fj0,112,A,CYS
1236,2fj0,358,A,CYS
1237,2fj0,420,A,CYS
1238,5bzg,32,A,CYS
1239,5bzg,57,A,CYS
1240,5bzg,81,A,CYS
1241,5bzg,101,A,CYS
1242,5bzg,123,A,CYS
1243,5bzg,134,A,CYS
1244,6f5u,53,A,CYS
1245,6f5u,108,A,CYS
1246,6f5u,121,A,CYS
1247,6f5u,135,A,CYS
1248,6f5u,147,A,CYS
1249,6f5u,511,B,CYS
1250,6f5u,556,B,CYS
1251,6f5u,601,B,CYS
1252,6f5u,608,B,CYS
1253,6f5u,609,B,CYS
1254,4phu,79,A,CYS
1255,4phu,170,A,CYS
1256,6hhc,25,L,CYS
1257,6hhc,90,L,CYS
1258,6hhc,136,L,CYS
1259,6hhc,196,L,CYS
1260,6hhc,22,H,CYS
1261,6hhc,96,H,CYS
1262,6hhc,147,H,CYS
1263,6hhc,203,H,CYS
1264,6hhc,416,A,CYS
1265,6hhc,432,A,CYS
1266,6hhc,514,A,CYS
1267,6hhc,545,A,CYS
1268,6hhc,560,A,CYS
1269,6hhc,571,A,CYS
1270,6hhc,581,A,CYS
1271,6hhc,599,A,CYS
1272,4lmh,151,A,CYS
1273,4lmh,154,A,CYS
1274,4lmh,511,A,CYS
1275,4lmh,527,A,CYS
1276,4lmh,151,B,CYS
1277,4lmh,154,B,CYS
1278,4lmh,511,B,CYS
1279,4lmh,527,B,CYS
1280,4lmh,151,C,CYS
1281,4lmh,154,C,CYS
1282,4lmh,511,C,CYS
1283,4lmh,527,C,CYS
1284,4lmh,151,D,CYS
1285,4lmh,154,D,CYS
1286,4lmh,511,D,CYS
1287,4lmh,527,D,CYS
1288,5kos,51,A,CYS
1289,5kos,58,A,CYS
1290,5kos,217,A,CYS
1291,5kos,221,A,CYS
1292,5kos,259,A,CYS
1293,5kos,296,A,CYS
1294,5kos,51,B,CYS
1295,5kos,58,B,CYS
1296,5kos,217,B,CYS
1297,5kos,221,B,CYS
1298,5kos,259,B,CYS
1299,5kos,296,B,CYS
1300,5a0b,42,A,CYS
1301,5a0b,58,A,CYS
1302,5a0b,136,A,CYS
1303,5a0b,168,A,CYS
1304,5a0b,182,A,CYS
1305,5a0b,191,A,CYS
1306,5a0b,201,A,CYS
1307,5a0b,220,A,CYS
1308,2ohn,155,A,CYS
1309,2ohn,217,A,CYS
1310,2ohn,269,A,CYS
1311,2ohn,319,A,CYS
1312,2ohn,359,A,CYS
1313,2ohn,382,A,CYS
1314,3fru,200,A,CYS
1315,3fru,254,A,CYS
1316,3fru,25,B,CYS
1317,3fru,80,B,CYS
1318,3fru,200,C,CYS
1319,3fru,254,C,CYS
1320,3fru,25,D,CYS
1321,3fru,80,D,CYS
1322,3fru,200,E,CYS
1323,3fru,254,E,CYS
1324,3fru,25,F,CYS
1325,3fru,80,F,CYS
1326,3nif,56,A,CYS
1327,3nif,65,A,CYS
1328,3nif,107,A,CYS
1329,3nif,130,A,CYS
1330,3nif,146,A,CYS
1331,3nif,167,A,CYS
1332,3nif,5,B,CYS
1333,3nif,13,B,CYS
1334,3nif,16,B,CYS
1335,3nif,23,B,CYS
1336,3nif,26,B,CYS
1337,3nif,38,B,CYS
1338,3nif,49,B,CYS
1339,3nif,177,B,CYS
1340,3nif,184,B,CYS
1341,3nif,232,B,CYS
1342,3nif,273,B,CYS
1343,3nif,374,B,CYS
1344,3nif,386,B,CYS
1345,3nif,406,B,CYS
1346,3nif,433,B,CYS
1347,3nif,435,B,CYS
1348,3nif,437,B,CYS
1349,3nif,448,B,CYS
1350,3nif,457,B,CYS
1351,3nif,460,B,CYS
1352,3nif,56,C,CYS
1353,3nif,65,C,CYS
1354,3nif,107,C,CYS
1355,3nif,130,C,CYS
1356,3nif,146,C,CYS
1357,3nif,167,C,CYS
1358,3nif,5,D,CYS
1359,3nif,13,D,CYS
1360,3nif,16,D,CYS
1361,3nif,23,D,CYS
1362,3nif,26,D,CYS
1363,3nif,38,D,CYS
1364,3nif,49,D,CYS
1365,3nif,177,D,CYS
1366,3nif,184,D,CYS
1367,3nif,232,D,CYS
1368,3nif,273,D,CYS
1369,3nif,374,D,CYS
1370,3nif,386,D,CYS
1371,3nif,406,D,CYS
1372,3nif,433,D,CYS
1373,3nif,435,D,CYS
1374,3nif,437,D,CYS
1375,3nif,448,D,CYS
1376,3nif,457,D,CYS
1377,3nif,460,D,CYS
1378,3nif,22,E,CYS
1379,3nif,96,E,CYS
1380,3nif,134,E,CYS
1381,3nif,146,E,CYS
1382,3nif,201,E,CYS
1383,3nif,23,F,CYS
1384,3nif,88,F,CYS
1385,3nif,134,F,CYS
1386,3nif,194,F,CYS
1387,3nif,214,F,CYS
1388,3nif,22,H,CYS
1389,3nif,96,H,CYS
1390,3nif,134,H,CYS
1391,3nif,146,H,CYS
1392,3nif,201,H,CYS
1393,3nif,23,L,CYS
1394,3nif,88,L,CYS
1395,3nif,134,L,CYS
1396,3nif,194,L,CYS
1397,3nif,214,L,CYS
1398,4mse,498,A,CYS
1399,4mse,502,A,CYS
1400,3ozd,145,A,CYS
1401,3ozd,211,A,CYS
1402,3ozd,145,B,CYS
1403,3ozd,211,B,CYS
1404,6jse,179,A,CYS
1405,6jse,241,A,CYS
1406,6jse,293,A,CYS
1407,6jse,343,A,CYS
1408,6jse,383,A,CYS
1409,6jse,406,A,CYS
1410,4yen,6,A,CYS
1411,4yen,30,A,CYS
1412,4yen,64,A,CYS
1413,4yen,76,A,CYS
1414,4yen,80,A,CYS
1415,4yen,94,A,CYS
1416,4yen,115,A,CYS
1417,4yen,127,A,CYS
1418,3pmw,207,A,CYS
1419,3pmw,262,A,CYS
1420,2xci,18,A,CYS
1421,2xci,70,A,CYS
1422,2xci,158,A,CYS
1423,2xci,165,A,CYS
1424,2xci,279,A,CYS
1425,2xci,341,A,CYS
1426,2xci,18,B,CYS
1427,2xci,70,B,CYS
1428,2xci,158,B,CYS
1429,2xci,165,B,CYS
1430,2xci,279,B,CYS
1431,2xci,341,B,CYS
1432,2xci,18,C,CYS
1433,2xci,70,C,CYS
1434,2xci,158,C,CYS
1435,2xci,165,C,CYS
1436,2xci,279,C,CYS
1437,2xci,341,C,CYS
1438,2xci,18,D,CYS
1439,2xci,70,D,CYS
1440,2xci,158,D,CYS
1441,2xci,165,D,CYS
1442,2xci,279,D,CYS
1443,2xci,341,D,CYS
1444,3d91,51,A,CYS
1445,3d91,58,A,CYS
1446,3d91,217,A,CYS
1447,3d91,221,A,CYS
1448,3d91,259,A,CYS
1449,3d91,296,A,CYS
1450,3d91,51,B,CYS
1451,3d91,58,B,CYS
1452,3d91,217,B,CYS
1453,3d91,221,B,CYS
1454,3d91,259,B,CYS
1455,3d91,296,B,CYS
1456,6eiy,706,A,CYS
1457,6eiy,708,A,CYS
1458,6eiy,723,A,CYS
1459,6eiy,725,A,CYS
1460,5vcs,196,A,CYS
1461,5vcs,210,A,CYS
1462,5vcs,283,A,CYS
1463,5vcs,286,A,CYS
1464,5vcs,334,A,CYS
1465,5vcs,339,A,CYS
1466,5vcs,357,A,CYS
1467,5vcs,440,A,CYS
1468,5vcs,196,B,CYS
1469,5vcs,210,B,CYS
1470,5vcs,283,B,CYS
1471,5vcs,286,B,CYS
1472,5vcs,334,B,CYS
1473,5vcs,339,B,CYS
1474,5vcs,357,B,CYS
1475,5vcs,440,B,CYS
1476,6mnp,69,A,CYS
1477,6mnp,238,A,CYS
1478,3g4d,408,A,CYS
1479,3g4d,447,A,CYS
1480,3g4d,408,B,CYS
1481,3g4d,447,B,CYS
1482,3zkx,171,A,CYS
1483,3zkx,230,A,CYS
1484,3zkx,282,A,CYS
1485,3zkx,331,A,CYS
1486,3zkx,371,A,CYS
1487,3zkx,395,A,CYS
1488,3zkx,181,B,CYS
1489,3zkx,255,B,CYS
1490,3zkx,181,C,CYS
1491,3zkx,255,C,CYS
1492,4ryg,45,A,CYS
1493,4ryg,50,A,CYS
1494,4ryg,206,A,CYS
1495,4ryg,210,A,CYS
1496,4ryg,249,A,CYS
1497,4ryg,282,A,CYS
1498,4ryg,45,B,CYS
1499,4ryg,50,B,CYS
1500,4ryg,206,B,CYS
1501,4ryg,210,B,CYS
1502,4ryg,249,B,CYS
1503,4ryg,282,B,CYS
1504,5t1w,155,A,CYS
1505,5t1w,217,A,CYS
1506,5t1w,269,A,CYS
1507,5t1w,319,A,CYS
1508,5t1w,359,A,CYS
1509,5t1w,382,A,CYS
1510,4g4b,6,A,CYS
1511,4g4b,30,A,CYS
1512,4g4b,64,A,CYS
1513,4g4b,76,A,CYS
1514,4g4b,80,A,CYS
1515,4g4b,94,A,CYS
1516,4g4b,115,A,CYS
1517,4g4b,127,A,CYS
1518,5aqn,201,B,CYS
1519,5aqn,259,B,CYS
1520,5aqn,201,D,CYS
1521,5aqn,259,D,CYS
1522,5aqn,201,F,CYS
1523,5aqn,259,F,CYS
1524,5wv3,6,A,CYS
1525,5wv3,15,A,CYS
1526,5wv3,28,A,CYS
1527,5wv3,129,A,CYS
1528,5wv3,133,A,CYS
1529,5wv3,139,A,CYS
1530,5wv3,157,A,CYS
1531,5wv3,167,A,CYS
1532,5wv3,237,A,CYS
1533,5wv3,248,A,CYS
1534,5wv3,456,A,CYS
1535,5wv3,513,A,CYS
1536,5wv3,554,A,CYS
1537,5wv3,579,A,CYS
1538,4j1f,216,A,CYS
1539,4j1f,278,A,CYS
1540,4j1f,330,A,CYS
1541,4j1f,380,A,CYS
1542,4j1f,420,A,CYS
1543,4j1f,443,A,CYS
1544,1eth,4,A,CYS
1545,1eth,10,A,CYS
1546,1eth,91,A,CYS
1547,1eth,102,A,CYS
1548,1eth,238,A,CYS
1549,1eth,262,A,CYS
1550,1eth,286,A,CYS
1551,1eth,297,A,CYS
1552,1eth,300,A,CYS
1553,1eth,305,A,CYS
1554,1eth,432,A,CYS
1555,1eth,448,A,CYS
1556,1eth,17,B,CYS
1557,1eth,23,B,CYS
1558,1eth,27,B,CYS
1559,1eth,28,B,CYS
1560,1eth,39,B,CYS
1561,1eth,49,B,CYS
1562,1eth,61,B,CYS
1563,1eth,63,B,CYS
1564,1eth,69,B,CYS
1565,1eth,87,B,CYS
1566,1eth,4,C,CYS
1567,1eth,10,C,CYS
1568,1eth,91,C,CYS
1569,1eth,102,C,CYS
1570,1eth,238,C,CYS
1571,1eth,262,C,CYS
1572,1eth,286,C,CYS
1573,1eth,297,C,CYS
1574,1eth,300,C,CYS
1575,1eth,305,C,CYS
1576,1eth,432,C,CYS
1577,1eth,448,C,CYS
1578,1eth,17,D,CYS
1579,1eth,23,D,CYS
1580,1eth,27,D,CYS
1581,1eth,28,D,CYS
1582,1eth,39,D,CYS
1583,1eth,49,D,CYS
1584,1eth,61,D,CYS
1585,1eth,63,D,CYS
1586,1eth,69,D,CYS
1587,1eth,87,D,CYS
1588,5u72,98,A,CYS
1589,5u72,161,A,CYS
1590,5u72,200,A,CYS
1591,5u72,256,A,CYS
1592,5u72,22,B,CYS
1593,5u72,88,B,CYS
1594,5u72,132,B,CYS
1595,5u72,157,B,CYS
1596,5u72,182,B,CYS
1597,5u72,23,G,CYS
1598,5u72,91,G,CYS
1599,5u72,146,G,CYS
1600,5u72,172,G,CYS
1601,5u72,211,G,CYS
1602,5u72,25,H,CYS
1603,5u72,80,H,CYS
1604,5u72,98,C,CYS
1605,5u72,161,C,CYS
1606,5u72,200,C,CYS
1607,5u72,256,C,CYS
1608,5u72,22,D,CYS
1609,5u72,88,D,CYS
1610,5u72,132,D,CYS
1611,5u72,157,D,CYS
1612,5u72,182,D,CYS
1613,5u72,23,E,CYS
1614,5u72,91,E,CYS
1615,5u72,146,E,CYS
1616,5u72,172,E,CYS
1617,5u72,211,E,CYS
1618,5u72,25,F,CYS
1619,5u72,80,F,CYS
1620,6akx,101,A,CYS
1621,6akx,178,A,CYS
1622,6akx,101,B,CYS
1623,6akx,178,B,CYS
1624,2j3q,67,A,CYS
1625,2j3q,94,A,CYS
1626,2j3q,254,A,CYS
1627,2j3q,265,A,CYS
1628,2j3q,402,A,CYS
1629,2j3q,521,A,CYS
1630,3txk,6,A,CYS
1631,3txk,30,A,CYS
1632,3txk,64,A,CYS
1633,3txk,76,A,CYS
1634,3txk,80,A,CYS
1635,3txk,94,A,CYS
1636,3txk,115,A,CYS
1637,3txk,127,A,CYS
1638,2c8z,1,A,CYS
1639,2c8z,42,B,CYS
1640,2c8z,58,B,CYS
1641,2c8z,122,B,CYS
1642,2c8z,168,B,CYS
1643,2c8z,182,B,CYS
1644,2c8z,191,B,CYS
1645,2c8z,220,B,CYS
1646,3d4t,13,A,CYS
1647,3d4t,16,A,CYS
1648,2c8x,1,A,CYS
1649,2c8x,42,B,CYS
1650,2c8x,58,B,CYS
1651,2c8x,122,B,CYS
1652,2c8x,168,B,CYS
1653,2c8x,182,B,CYS
1654,2c8x,191,B,CYS
1655,2c8x,220,B,CYS
1656,6ek6,708,A,CYS
1657,6ek6,725,A,CYS
1658,6g9b,53,A,CYS
1659,6g9b,108,A,CYS
1660,6g9b,121,A,CYS
1661,6g9b,135,A,CYS
1662,6g9b,147,A,CYS
1663,6g9b,511,B,CYS
1664,6g9b,556,B,CYS
1665,6g9b,601,B,CYS
1666,6g9b,608,B,CYS
1667,6g9b,609,B,CYS
1668,4ddb,6,A,CYS
1669,4ddb,30,A,CYS
1670,4ddb,64,A,CYS
1671,4ddb,76,A,CYS
1672,4ddb,80,A,CYS
1673,4ddb,94,A,CYS
1674,4ddb,115,A,CYS
1675,4ddb,127,A,CYS
1676,5hyq,23,A,CYS
1677,5hyq,88,A,CYS
1678,5hyq,134,A,CYS
1679,5hyq,194,A,CYS
1680,5hyq,22,B,CYS
1681,5hyq,95,B,CYS
1682,5hyq,146,B,CYS
1683,5hyq,202,B,CYS
1684,5hyq,23,C,CYS
1685,5hyq,88,C,CYS
1686,5hyq,134,C,CYS
1687,5hyq,194,C,CYS
1688,5hyq,22,D,CYS
1689,5hyq,95,D,CYS
1690,5hyq,146,D,CYS
1691,5hyq,202,D,CYS
1692,5hyq,1,E,CYS
1693,5hyq,12,E,CY3
1694,5hyq,1,F,CYS
1695,5hyq,12,F,CY3
1696,1ppd,22,A,CYS
1697,1ppd,56,A,CYS
1698,1ppd,63,A,CYS
1699,1ppd,95,A,CYS
1700,1ppd,153,A,CYS
1701,1ppd,200,A,CYS
1702,6a94,148,A,CYS
1703,6a94,227,A,CYS
1704,6a94,349,A,CYS
1705,6a94,353,A,CYS
1706,6a94,148,B,CYS
1707,6a94,227,B,CYS
1708,6a94,349,B,CYS
1709,6a94,353,B,CYS
1710,5zzn,19,O,CYS
1711,5zzn,44,O,CYS
1712,5zzn,19,o,CYS
1713,5zzn,44,o,CYS
1714,2byp,127,A,CYS
1715,2byp,140,A,CYS
1716,2byp,190,A,CYS
1717,2byp,191,A,CYS
1718,2byp,127,B,CYS
1719,2byp,140,B,CYS
1720,2byp,190,B,CYS
1721,2byp,191,B,CYS
1722,2byp,127,C,CYS
1723,2byp,140,C,CYS
1724,2byp,190,C,CYS
1725,2byp,191,C,CYS
1726,2byp,127,D,CYS
1727,2byp,140,D,CYS
1728,2byp,190,D,CYS
1729,2byp,191,D,CYS
1730,2byp,127,E,CYS
1731,2byp,140,E,CYS
1732,2byp,190,E,CYS
1733,2byp,191,E,CYS
1734,2byp,402,F,CYS
1735,2byp,403,F,CYS
1736,2byp,408,F,CYS
1737,2byp,412,F,CY3
1738,2byp,402,G,CYS
1739,2byp,403,G,CYS
1740,2byp,408,G,CYS
1741,2byp,412,G,CY3
1742,2byp,402,H,CYS
1743,2byp,403,H,CYS
1744,2byp,408,H,CYS
1745,2byp,412,H,CY3
1746,2byp,402,I,CYS
1747,2byp,403,I,CYS
1748,2byp,408,I,CYS
1749,2byp,412,I,CY3
1750,2byp,402,J,CYS
1751,2byp,403,J,CYS
1752,2byp,408,J,CYS
1753,2byp,412,J,CY3
1754,5sy2,51,A,CYS
1755,5sy2,58,A,CYS
1756,5sy2,217,A,CYS
1757,5sy2,221,A,CYS
1758,5sy2,259,A,CYS
1759,5sy2,296,A,CYS
1760,5sy2,51,B,CYS
1761,5sy2,58,B,CYS
1762,5sy2,217,B,CYS
1763,5sy2,221,B,CYS
1764,5sy2,259,B,CYS
1765,5sy2,296,B,CYS
1766,4o9s,4,A,CYS
1767,4o9s,70,A,CYS
1768,4o9s,120,A,CYS
1769,4o9s,129,A,CYS
1770,4o9s,160,A,CYS
1771,4o9s,174,A,CYS
1772,4o9s,4,B,CYS
1773,4o9s,70,B,CYS
1774,4o9s,120,B,CYS
1775,4o9s,129,B,CYS
1776,4o9s,160,B,CYS
1777,4o9s,174,B,CYS
1778,5wzu,25,A,CYS
1779,5wzu,27,A,CYS
1780,5wzu,42,A,CYS
1781,5wzu,43,A,CYS
1782,5wzu,48,A,CYS
1783,5wzu,49,A,CYS
1784,5wzu,58,A,CYS
1785,5wzu,76,A,CYS
1786,5wzu,82,A,CYS
1787,5wzu,87,A,CYS
1788,5wzu,89,A,CYS
1789,5wzu,96,A,CYS
1790,5wzu,116,A,CYS
1791,5wzu,123,A,CYS
1792,5aqq,201,B,CYS
1793,5aqq,259,B,CYS
1794,5aqq,201,F,CYS
1795,5aqq,259,F,CYS
1796,4izj,588,A,CYS
1797,4izj,604,A,CYS
1798,4izj,588,B,CYS
1799,4izj,604,B,CYS
1800,4izj,588,C,CYS
1801,4izj,604,C,CYS
1802,4izj,588,D,CYS
1803,4izj,604,D,CYS
1804,4izj,588,E,CYS
1805,4izj,604,E,CYS
1806,4gcd,6,A,CYS
1807,4gcd,30,A,CYS
1808,4gcd,64,A,CYS
1809,4gcd,76,A,CYS
1810,4gcd,80,A,CYS
1811,4gcd,94,A,CYS
1812,4gcd,115,A,CYS
1813,4gcd,127,A,CYS
1814,5t4s,51,A,CYS
1815,5t4s,58,A,CYS
1816,5t4s,217,A,CYS
1817,5t4s,221,A,CYS
1818,5t4s,259,A,CYS
1819,5t4s,296,A,CYS
1820,5t4s,51,B,CYS
1821,5t4s,58,B,CYS
1822,5t4s,217,B,CYS
1823,5t4s,221,B,CYS
1824,5t4s,259,B,CYS
1825,5t4s,296,B,CYS
1826,3bcn,22,A,CYS
1827,3bcn,56,A,CYS
1828,3bcn,63,A,CYS
1829,3bcn,96,A,CYS
1830,3bcn,151,A,CYS
1831,3bcn,196,A,CYS
1832,3bcn,22,B,CYS
1833,3bcn,56,B,CYS
1834,3bcn,63,B,CYS
1835,3bcn,96,B,CYS
1836,3bcn,151,B,CYS
1837,3bcn,196,B,CYS
1838,6f6s,53,A,CYS
1839,6f6s,108,A,CYS
1840,6f6s,121,A,CYS
1841,6f6s,135,A,CYS
1842,6f6s,147,A,CYS
1843,6f6s,511,B,CYS
1844,6f6s,556,B,CYS
1845,6f6s,601,B,CYS
1846,6f6s,608,B,CYS
1847,6f6s,609,B,CYS
1848,3vjm,328,A,CYS
1849,3vjm,339,A,CYS
1850,3vjm,385,A,CYS
1851,3vjm,394,A,CYS
1852,3vjm,444,A,CYS
1853,3vjm,447,A,CYS
1854,3vjm,454,A,CYS
1855,3vjm,472,A,CYS
1856,3vjm,649,A,CYS
1857,3vjm,762,A,CYS
1858,3vjm,328,B,CYS
1859,3vjm,339,B,CYS
1860,3vjm,385,B,CYS
1861,3vjm,394,B,CYS
1862,3vjm,444,B,CYS
1863,3vjm,447,B,CYS
1864,3vjm,454,B,CYS
1865,3vjm,472,B,CYS
1866,3vjm,649,B,CYS
1867,3vjm,762,B,CYS
1868,4j66,26,A,CYS
1869,4j66,40,A,CYS
1870,4j66,58,A,CYS
1871,4j66,65,A,CYS
1872,4j66,72,A,CYS
1873,4j66,84,A,CYS
1874,4j66,95,A,CYS
1875,4j66,110,A,CYS
1876,5h8h,31,A,CYS
1877,5h8h,38,A,CYS
1878,5h8h,57,A,CYS
1879,5h8h,58,A,CYS
1880,5h8h,228,A,CYS
1881,5h8h,283,A,CYS
1882,5h8h,29,B,CYS
1883,5h8h,45,B,CYS
1884,5h8h,63,B,CYS
1885,5h8h,64,B,CYS
1886,5ezz,216,A,CYS
1887,5ezz,278,A,CYS
1888,5ezz,420,A,CYS
1889,5ezz,443,A,CYS
1890,2veq,99,A,CYS
1891,2veq,215,A,CYS
1892,5kdt,31,A,CYS
1893,5kdt,38,A,CYS
1894,5kdt,57,A,CYS
1895,5kdt,58,A,CYS
1896,5kdt,228,A,CYS
1897,5kdt,283,A,CYS
1898,5kdt,29,B,CYS
1899,5kdt,45,B,CYS
1900,5kdt,63,B,CYS
1901,5kdt,64,B,CYS
1902,4nsh,6,A,CYS
1903,4nsh,30,A,CYS
1904,4nsh,64,A,CYS
1905,4nsh,76,A,CYS
1906,4nsh,80,A,CYS
1907,4nsh,94,A,CYS
1908,4nsh,115,A,CYS
1909,4nsh,127,A,CYS
1910,5a4q,286,C,CYS
1911,5a4q,312,C,CYS
1912,6f6n,53,A,CYS
1913,6f6n,108,A,CYS
1914,6f6n,121,A,CYS
1915,6f6n,135,A,CYS
1916,6f6n,147,A,CYS
1917,6f6n,511,B,CYS
1918,6f6n,556,B,CYS
1919,6f6n,601,B,CYS
1920,6f6n,608,B,CYS
1921,6f6n,609,B,CYS
1922,3sqg,365,A,CYS
1923,3sqg,434,A,CYS
1924,3sqg,365,D,CYS
1925,3sqg,434,D,CYS
1926,3sqg,365,G,CYS
1927,3sqg,434,G,CYS
1928,6hlb,211,A,CYS
1929,6hlb,303,A,CYS
1930,6hlb,333,A,CYS
1931,6hlb,360,A,CYS
1932,6hlb,450,A,CYS
1933,6hlb,474,A,CYS
1934,5aqo,201,B,CYS
1935,5aqo,259,B,CYS
1936,5aqo,201,D,CYS
1937,5aqo,259,D,CYS
1938,5aqo,201,F,CYS
1939,5aqo,259,F,CYS
1940,3o28,206,A,CYS
1941,3o28,261,A,CYS
1942,2zjh,155,A,CYS
1943,2zjh,217,A,CYS
1944,2zjh,359,A,CYS
1945,2zjh,382,A,CYS
1946,2c8y,1,A,CYS
1947,2c8y,42,B,CYS
1948,2c8y,58,B,CYS
1949,2c8y,122,B,CYS
1950,2c8y,168,B,CYS
1951,2c8y,182,B,CYS
1952,2c8y,191,B,CYS
1953,2c8y,220,B,CYS
1954,5mgd,205,A,CYS
1955,5mgd,206,A,CYS
1956,5mgd,266,A,CYS
1957,5mgd,315,A,CYS
1958,6opb,18,E,CYS
1959,6opb,45,E,CYS
1960,6opb,49,E,CYS
1961,6opb,88,E,CYS
1962,6opb,98,E,CYS
1963,6opb,107,E,CYS
1964,6opb,18,A,CYS
1965,6opb,45,A,CYS
1966,6opb,49,A,CYS
1967,6opb,88,A,CYS
1968,6opb,98,A,CYS
1969,6opb,107,A,CYS
1970,6opb,18,B,CYS
1971,6opb,45,B,CYS
1972,6opb,49,B,CYS
1973,6opb,88,B,CYS
1974,6opb,98,B,CYS
1975,6opb,107,B,CYS
1976,6opb,18,F,CYS
1977,6opb,45,F,CYS
1978,6opb,49,F,CYS
1979,6opb,88,F,CYS
1980,6opb,98,F,CYS
1981,6opb,107,F,CYS
1982,6opb,18,C,CYS
1983,6opb,45,C,CYS
1984,6opb,49,C,CYS
1985,6opb,88,C,CYS
1986,6opb,98,C,CYS
1987,6opb,107,C,CYS
1988,6opb,18,D,CYS
1989,6opb,45,D,CYS
1990,6opb,49,D,CYS
1991,6opb,88,D,CYS
1992,6opb,98,D,CYS
1993,6opb,107,D,CYS
1994,6opb,18,G,CYS
1995,6opb,45,G,CYS
1996,6opb,49,G,CYS
1997,6opb,88,G,CYS
1998,6opb,98,G,CYS
1999,6opb,107,G,CYS
2000,6opb,18,H,CYS
2001,6opb,45,H,CYS
2002,6opb,49,H,CYS
2003,6opb,88,H,CYS
2004,6opb,98,H,CYS
2005,6opb,107,H,CYS
2006,6opb,18,I,CYS
2007,6opb,45,I,CYS
2008,6opb,49,I,CYS
2009,6opb,88,I,CYS
2010,6opb,98,I,CYS
2011,6opb,107,I,CYS
2012,3dea,46,A,CYS
2013,3dea,125,A,CYS
2014,3dea,187,A,CYS
2015,3dea,194,A,CYS
2016,3dea,46,B,CYS
2017,3dea,125,B,CYS
2018,3dea,187,B,CYS
2019,3dea,194,B,CYS
2020,4gj8,45,A,CYS
2021,4gj8,50,A,CYS
2022,4gj8,206,A,CYS
2023,4gj8,210,A,CYS
2024,4gj8,249,A,CYS
2025,4gj8,282,A,CYS
2026,4gj8,45,B,CYS
2027,4gj8,50,B,CYS
2028,4gj8,206,B,CYS
2029,4gj8,210,B,CYS
2030,4gj8,249,B,CYS
2031,4gj8,282,B,CYS
2032,4j0z,216,A,CYS
2033,4j0z,278,A,CYS
2034,4j0z,330,A,CYS
2035,4j0z,380,A,CYS
2036,4j0z,420,A,CYS
2037,4j0z,443,A,CYS
2038,2nqx,6,A,CYS
2039,2nqx,15,A,CYS
2040,2nqx,28,A,CYS
2041,2nqx,129,A,CYS
2042,2nqx,133,A,CYS
2043,2nqx,139,A,CYS
2044,2nqx,157,A,CYS
2045,2nqx,167,A,CYS
2046,2nqx,237,A,CYS
2047,2nqx,248,A,CYS
2048,2nqx,456,A,CYS
2049,2nqx,513,A,CYS
2050,2nqx,554,A,CYS
2051,2nqx,579,A,CYS
2052,1cwr,426,A,CYS
2053,1cwr,473,A,CYS
2054,4nsg,6,A,CYS
2055,4nsg,30,A,CYS
2056,4nsg,64,A,CYS
2057,4nsg,76,A,CYS
2058,4nsg,80,A,CYS
2059,4nsg,94,A,CYS
2060,4nsg,115,A,CYS
2061,4nsg,127,A,CYS
2062,5fv3,708,A,CYS
2063,5fv3,725,A,CYS
2064,6jsg,179,A,CYS
2065,6jsg,241,A,CYS
2066,6jsg,293,A,CYS
2067,6jsg,343,A,CYS
2068,6jsg,383,A,CYS
2069,6jsg,406,A,CYS
2070,6ej0,708,A,CYS
2071,6ej0,725,A,CYS
2072,4znd,186,A,CYS
2073,4znd,216,A,CYS
2074,5hpm,23,A,CYS
2075,5hpm,88,A,CYS
2076,5hpm,134,A,CYS
2077,5hpm,194,A,CYS
2078,5hpm,22,B,CYS
2079,5hpm,95,B,CYS
2080,5hpm,146,B,CYS
2081,5hpm,202,B,CYS
2082,5hpm,23,C,CYS
2083,5hpm,88,C,CYS
2084,5hpm,134,C,CYS
2085,5hpm,194,C,CYS
2086,5hpm,22,D,CYS
2087,5hpm,95,D,CYS
2088,5hpm,146,D,CYS
2089,5hpm,202,D,CYS
2090,5hpm,1,E,SC2
2091,5hpm,101,E,CY3
2092,5hpm,1,F,SC2
2093,5hpm,101,F,CY3
2094,6hro,53,A,CYS
2095,6hro,108,A,CYS
2096,6hro,121,A,CYS
2097,6hro,135,A,CYS
2098,6hro,147,A,CYS
2099,6hro,511,B,CYS
2100,6hro,556,B,CYS
2101,6hro,601,B,CYS
2102,6hro,608,B,CYS
2103,6hro,609,B,CYS
2104,4bfd,216,A,CYS
2105,4bfd,278,A,CYS
2106,4bfd,330,A,CYS
2107,4bfd,380,A,CYS
2108,4bfd,420,A,CYS
2109,4bfd,443,A,CYS
2110,3g4f,408,A,CYS
2111,3g4f,447,A,CYS
2112,3g4f,408,B,CYS
2113,3g4f,447,B,CYS
2114,4gfp,186,A,CYS
2115,4gfp,216,A,CYS
2116,4fri,155,A,CYS
2117,4fri,217,A,CYS
2118,4fri,269,A,CYS
2119,4fri,319,A,CYS
2120,4fri,359,A,CYS
2121,4fri,382,A,CYS
2122,4ryc,45,A,CYS
2123,4ryc,50,A,CYS
2124,4ryc,206,A,CYS
2125,4ryc,210,A,CYS
2126,4ryc,249,A,CYS
2127,4ryc,282,A,CYS
2128,4ryc,45,B,CYS
2129,4ryc,50,B,CYS
2130,4ryc,206,B,CYS
2131,4ryc,210,B,CYS
2132,4ryc,249,B,CYS
2133,4ryc,282,B,CYS
2134,4lt2,6,A,CYS
2135,4lt2,30,A,CYS
2136,4lt2,64,A,CYS
2137,4lt2,76,A,CYS
2138,4lt2,80,A,CYS
2139,4lt2,94,A,CYS
2140,4lt2,115,A,CYS
2141,4lt2,127,A,CYS
2142,1inq,101,A,CYS
2143,1inq,164,A,CYS
2144,1inq,203,A,CYS
2145,1inq,259,A,CYS
2146,1inq,1025,B,CYS
2147,1inq,1080,B,CYS
2148,6nm7,40,A,CYS
2149,6nm7,114,A,CYS
2150,6nm7,40,B,CYS
2151,6nm7,114,B,CYS
2152,1p0p,65,A,CYS
2153,1p0p,92,A,CYS
2154,1p0p,252,A,CYS
2155,1p0p,263,A,CYS
2156,1p0p,400,A,CYS
2157,1p0p,519,A,CYS
2158,1wbg,1,A,CYS
2159,1wbg,42,B,CYS
2160,1wbg,58,B,CYS
2161,1wbg,122,B,CYS
2162,1wbg,168,B,CYS
2163,1wbg,182,B,CYS
2164,1wbg,191,B,CYS
2165,1wbg,220,B,CYS
2166,5tmk,51,A,CYS
2167,5tmk,58,A,CYS
2168,5tmk,217,A,CYS
2169,5tmk,221,A,CYS
2170,5tmk,259,A,CYS
2171,5tmk,296,A,CYS
2172,5tmk,51,B,CYS
2173,5tmk,58,B,CYS
2174,5tmk,217,B,CYS
2175,5tmk,221,B,CYS
2176,5tmk,259,B,CYS
2177,5tmk,296,B,CYS
2178,2efb,6,A,CYS
2179,2efb,15,A,CYS
2180,2efb,28,A,CYS
2181,2efb,129,A,CYS
2182,2efb,133,A,CYS
2183,2efb,139,A,CYS
2184,2efb,157,A,CYS
2185,2efb,167,A,CYS
2186,2efb,237,A,CYS
2187,2efb,248,A,CYS
2188,2efb,456,A,CYS
2189,2efb,513,A,CYS
2190,2efb,554,A,CYS
2191,2efb,579,A,CYS
2192,2efb,6,B,CYS
2193,2efb,15,B,CYS
2194,2efb,28,B,CYS
2195,2efb,129,B,CYS
2196,2efb,133,B,CYS
2197,2efb,139,B,CYS
2198,2efb,157,B,CYS
2199,2efb,167,B,CYS
2200,2efb,237,B,CYS
2201,2efb,248,B,CYS
2202,2efb,456,B,CYS
2203,2efb,513,B,CYS
2204,2efb,554,B,CYS
2205,2efb,579,B,CYS
2206,3rnm,45,A,CYS
2207,3rnm,50,A,CYS
2208,3rnm,45,B,CYS
2209,3rnm,50,B,CYS
2210,3rnm,45,C,CYS
2211,3rnm,50,C,CYS
2212,3rnm,45,D,CYS
2213,3rnm,50,D,CYS
2214,6u3p,69,A,CYS
2215,6u3p,96,A,CYS
2216,6u3p,257,A,CYS
2217,6u3p,272,A,CYS
2218,6u3p,409,A,CYS
2219,6u3p,529,A,CYS
2220,6u3p,69,B,CYS
2221,6u3p,96,B,CYS
2222,6u3p,257,B,CYS
2223,6u3p,272,B,CYS
2224,6u3p,409,B,CYS
2225,6u3p,529,B,CYS
