,Unnamed: 0,pdbid,resseq,chain_id,resname,Metal
0,100,1zzu.pdb,415,A,CYS,FE
1,103,1zzu.pdb,415,B,CYS,FE
2,116,6ngm.pdb,415,A,CYS,FE
3,119,6ngm.pdb,415,B,CYS,FE
4,203,6auv.pdb,415,A,CYS,FE
5,206,6auv.pdb,415,B,CYS,FE
6,302,3ryg.pdb,5,A,CYS,FE
7,303,3ryg.pdb,8,A,CYS,FE
8,304,3ryg.pdb,38,A,CYS,FE
9,305,3ryg.pdb,41,A,CYS,FE
10,317,3rqn.pdb,415,A,CYS,FE
11,320,3rqn.pdb,415,B,CYS,FE
12,358,1ed5.pdb,186,A,CYS,FE
13,361,1ed5.pdb,186,B,CYS,FE
14,413,3rqj.pdb,415,A,CYS,FE
15,416,3rqj.pdb,415,B,CYS,FE
16,460,6bvr.pdb,125,A,CYS,FE
17,461,6bvr.pdb,128,A,CYS,FE
18,462,6bvr.pdb,162,A,CYS,FE
19,463,6bvr.pdb,165,A,CYS,FE
20,631,4gqe.pdb,415,A,CYS,FE
21,634,4gqe.pdb,415,B,CYS,FE
22,688,5vv1.pdb,420,A,CYS,FE
23,691,5vv1.pdb,420,B,CYS,FE
24,718,3b53.pdb,295,X,CYS,FE
25,744,4cu1.pdb,186,A,CYS,FE
26,747,4cu1.pdb,186,B,CYS,FE
27,792,5vuk.pdb,415,A,CYS,FE
28,795,5vuk.pdb,415,B,CYS,FE
29,807,5ad5.pdb,415,A,CYS,FE
30,810,5ad5.pdb,415,B,CYS,FE
31,875,4xf3.pdb,502,A,CYS,FE
32,994,6pmw.pdb,415,A,CYS,FE
33,997,6pmw.pdb,415,B,CYS,FE
34,1000,3nle.pdb,186,A,CYS,FE
35,1003,3nle.pdb,186,B,CYS,FE
36,1056,1rs7.pdb,415,A,CYS,FE
37,1059,1rs7.pdb,415,B,CYS,FE
38,1117,3dag.pdb,176,A,CYS,FE
39,1179,3jt4.pdb,415,A,CYS,FE
40,1182,3jt4.pdb,415,B,CYS,FE
41,1218,4fvw.pdb,415,A,CYS,FE
42,1221,4fvw.pdb,415,B,CYS,FE
43,1262,6nh0.pdb,415,A,CYS,FE
44,1265,6nh0.pdb,415,B,CYS,FE
45,1278,1dvb.pdb,158,A,CYS,FE
46,1279,1dvb.pdb,161,A,CYS,FE
47,1280,1dvb.pdb,174,A,CYS,FE
48,1281,1dvb.pdb,177,A,CYS,FE
49,1286,4c39.pdb,415,A,CYS,FE
50,1289,4c39.pdb,415,B,CYS,FE
51,1336,6ng5.pdb,420,A,CYS,FE
52,1339,6ng5.pdb,420,B,CYS,FE
53,1342,6pob.pdb,420,A,CYS,FE
54,1345,6pob.pdb,420,B,CYS,FE
55,1475,2cz7.pdb,109,A,CYS,FE
56,1476,2cz7.pdb,112,A,CSD,FE
57,1477,2cz7.pdb,114,A,CSO,FE
58,1571,6pn2.pdb,415,A,CYS,FE
59,1574,6pn2.pdb,415,B,CYS,FE
60,1623,4r52.pdb,125,A,CYS,FE
61,1624,4r52.pdb,128,A,CYS,FE
62,1625,4r52.pdb,162,A,CYS,FE
63,1626,4r52.pdb,165,A,CYS,FE
64,1631,6pmy.pdb,415,A,CYS,FE
65,1634,6pmy.pdb,415,B,CYS,FE
66,1933,6d62.pdb,125,A,CYS,FE
67,1934,6d62.pdb,128,A,CYS,FE
68,1935,6d62.pdb,162,A,CYS,FE
69,1936,6d62.pdb,165,A,CYS,FE
70,1970,6pn8.pdb,415,A,CYS,FE
71,1973,6pn8.pdb,415,B,CYS,FE
72,2049,3pne.pdb,415,A,CYS,FE
73,2052,3pne.pdb,415,B,CYS,FE
74,2063,6pn4.pdb,415,A,CYS,FE
75,2066,6pn4.pdb,415,B,CYS,FE
76,2084,4uh1.pdb,415,A,CYS,FE
77,2087,4uh1.pdb,415,B,CYS,FE
78,2199,5ad4.pdb,415,A,CYS,FE
79,2202,5ad4.pdb,415,B,CYS,FE
80,2212,2cyz.pdb,109,A,CYS,FE
81,2213,2cyz.pdb,112,A,CSD,FE
82,2214,2cyz.pdb,114,A,CSO,FE
83,2246,6nhf.pdb,184,A,CYS,FE
84,2249,6nhf.pdb,184,B,CYS,FE
85,2252,6nhf.pdb,184,C,CYS,FE
86,2255,6nhf.pdb,184,D,CYS,FE
87,2263,1zzs.pdb,186,A,CYS,FE
88,2266,1zzs.pdb,186,B,CYS,FE
89,2274,4xf1.pdb,502,A,CYS,FE
90,2344,2j1m.pdb,400,A,CYS,FE
91,2345,2j1m.pdb,400,B,CYS,FE
92,2346,6j27.pdb,97,A,CYS,FE
93,2347,6j27.pdb,100,A,CYS,FE
94,2348,6j27.pdb,97,B,CYS,FE
95,2349,6j27.pdb,100,B,CYS,FE
96,2350,6j27.pdb,97,C,CYS,FE
97,2351,6j27.pdb,100,C,CYS,FE
98,2352,6j27.pdb,97,D,CYS,FE
99,2353,6j27.pdb,100,D,CYS,FE
100,2533,5fvr.pdb,415,A,CYS,FE
101,2536,5fvr.pdb,415,B,CYS,FE
102,2633,6ngw.pdb,415,A,CYS,FE
103,2636,6ngw.pdb,415,B,CYS,FE
104,2714,6po9.pdb,420,A,CYS,FE
105,2717,6po9.pdb,420,B,CYS,FE
106,2781,2ji1.pdb,10,A,CYS,FE
107,2782,2ji1.pdb,13,A,CYS,FE
108,2783,2ji1.pdb,29,A,CYS,FE
109,2784,2ji1.pdb,30,A,CYS,FE
110,2785,2ji1.pdb,116,A,CYS,FE
111,2786,2ji1.pdb,10,B,CYS,FE
112,2787,2ji1.pdb,13,B,CYS,FE
113,2788,2ji1.pdb,29,B,CYS,FE
114,2789,2ji1.pdb,30,B,CYS,FE
115,2790,2ji1.pdb,116,B,CYS,FE
116,2791,2ji1.pdb,10,C,CYS,FE
117,2792,2ji1.pdb,13,C,CYS,FE
118,2793,2ji1.pdb,29,C,CYS,FE
119,2794,2ji1.pdb,30,C,CYS,FE
120,2795,2ji1.pdb,116,C,CYS,FE
121,2796,2ji1.pdb,10,D,CYS,FE
122,2797,2ji1.pdb,13,D,CYS,FE
123,2798,2ji1.pdb,29,D,CYS,FE
124,2799,2ji1.pdb,30,D,CYS,FE
125,2800,2ji1.pdb,116,D,CYS,FE
126,2899,1yux.pdb,174,A,CYS,FE
127,2900,1yux.pdb,177,A,CYS,FE
128,2901,1yux.pdb,189,A,CYS,FE
129,2902,1yux.pdb,192,A,CYS,FE
130,2903,1yux.pdb,174,B,CYS,FE
131,2904,1yux.pdb,177,B,CYS,FE
132,2905,1yux.pdb,189,B,CYS,FE
133,2906,1yux.pdb,192,B,CYS,FE
134,2982,6pna.pdb,420,A,CYS,FE
135,2985,6pna.pdb,420,B,CYS,FE
136,3060,3rzt.pdb,5,A,CYS,FE
137,3061,3rzt.pdb,8,A,CYS,FE
138,3062,3rzt.pdb,38,A,CYS,FE
139,3063,3rzt.pdb,41,A,CYS,FE
140,3374,3pnh.pdb,186,A,CYS,FE
141,3377,3pnh.pdb,186,B,CYS,FE
142,3378,3daf.pdb,176,A,CYS,FE
143,3492,6pn3.pdb,415,A,CYS,FE
144,3495,6pn3.pdb,415,B,CYS,FE
145,3516,3pza.pdb,142,A,CYS,FE
146,3517,3pza.pdb,145,A,CYS,FE
147,3518,3pza.pdb,157,A,CYS,FE
148,3519,3pza.pdb,160,A,CYS,FE
149,3520,3pza.pdb,142,B,CYS,FE
150,3521,3pza.pdb,145,B,CYS,FE
151,3522,3pza.pdb,157,B,CYS,FE
152,3523,3pza.pdb,160,B,CYS,FE
153,3544,2d0q.pdb,109,A,CYS,FE
154,3545,2d0q.pdb,112,A,CSD,FE
155,3546,2d0q.pdb,114,A,CYS,FE
156,3567,3b52.pdb,295,X,CYS,FE
157,3645,3ze8.pdb,78,B,CYS,FE
158,3646,3ze8.pdb,492,B,CYS,FE
159,3685,4upm.pdb,415,A,CYS,FE
160,3688,4upm.pdb,415,B,CYS,FE
161,3692,4uh2.pdb,415,A,CYS,FE
162,3695,4uh2.pdb,415,B,CYS,FE
163,3774,4k5g.pdb,415,A,CYS,FE
164,3777,4k5g.pdb,415,B,CYS,FE
165,3870,6gq8.pdb,97,A,CYS,FE
166,3871,6gq8.pdb,97,B,CYS,FE
167,3872,6gq8.pdb,97,C,CYS,FE
168,3873,6gq8.pdb,97,D,CYS,FE
169,3915,1vcx.pdb,5,A,CYS,FE
170,3916,1vcx.pdb,8,A,CYS,FE
171,3917,1vcx.pdb,38,A,CYS,FE
172,3918,1vcx.pdb,41,A,CYS,FE
173,3922,1fhh.pdb,6,A,CYS,FE
174,3923,1fhh.pdb,9,A,CYS,FE
175,3924,1fhh.pdb,39,A,CYS,FE
176,3925,1fhh.pdb,42,A,CYS,FE
177,3937,6pp1.pdb,184,A,CYS,FE
178,3940,6pp1.pdb,184,B,CYS,FE
179,3943,6pp1.pdb,184,C,CYS,FE
180,3946,6pp1.pdb,184,D,CYS,FE
181,3969,4fvy.pdb,415,A,CYS,FE
182,3972,4fvy.pdb,415,B,CYS,FE
183,4042,1lko.pdb,158,A,CYS,FE
184,4043,1lko.pdb,161,A,CYS,FE
185,4044,1lko.pdb,174,A,CYS,FE
186,4045,1lko.pdb,177,A,CYS,FE
187,4182,3b3n.pdb,415,A,CYS,FE
188,4185,3b3n.pdb,415,B,CYS,FE
189,4210,4kco.pdb,415,A,CYS,FE
190,4213,4kco.pdb,415,B,CYS,FE
191,4234,6cie.pdb,184,A,CYS,FE
192,4237,6cie.pdb,184,B,CYS,FE
193,4240,6cie.pdb,184,C,CYS,FE
194,4243,6cie.pdb,184,D,CYS,FE
195,4246,6pn9.pdb,415,A,CYS,FE
196,4249,6pn9.pdb,415,B,CYS,FE
197,4266,1rs6.pdb,415,A,CYS,FE
198,4269,1rs6.pdb,415,B,CYS,FE
199,4276,4ctx.pdb,415,A,CYS,FE
200,4279,4ctx.pdb,415,B,CYS,FE
201,4288,4d2y.pdb,415,A,CYS,FE
202,4291,4d2y.pdb,415,B,CYS,FE
203,4313,3x28.pdb,109,A,CYS,FE
204,4314,3x28.pdb,112,A,CSD,FE
205,4315,3x28.pdb,114,A,CSO,FE
206,4327,5vcp.pdb,99,A,CYS,FE
207,4328,5vcp.pdb,99,B,CYS,FE
208,4329,5vcp.pdb,99,C,CYS,FE
209,4330,5vcp.pdb,99,D,CYS,FE
210,4334,5hgw.pdb,99,A,CYS,FE
211,4335,5hgw.pdb,99,B,CYS,FE
212,4527,2g6n.pdb,415,A,CYS,FE
213,4530,2g6n.pdb,415,B,CYS,FE
214,4593,6pn5.pdb,415,A,CYS,FE
215,4596,6pn5.pdb,415,B,CYS,FE
216,4712,3nm0.pdb,415,A,CYS,FE
217,4715,3nm0.pdb,415,B,CYS,FE
218,4790,4jse.pdb,415,A,CYS,FE
219,4793,4jse.pdb,415,B,CYS,FE
220,4839,3jx3.pdb,415,A,CYS,FE
221,4842,3jx3.pdb,415,B,CYS,FE
222,4843,6bvp.pdb,125,A,CYS,FE
223,4844,6bvp.pdb,128,A,CYS,FE
224,4845,6bvp.pdb,162,A,CYS,FE
225,4850,3ss2.pdb,5,A,CYS,FE
226,4851,3ss2.pdb,8,A,CYS,FE
227,4852,3ss2.pdb,38,A,CYS,FE
228,4853,3ss2.pdb,41,A,CYS,FE
229,4911,6ngx.pdb,415,A,CYS,FE
230,4914,6ngx.pdb,415,B,CYS,FE
231,4938,4ctw.pdb,415,A,CYS,FE
232,4941,4ctw.pdb,415,B,CYS,FE
233,5032,3nlx.pdb,415,A,CYS,FE
234,5035,3nlx.pdb,415,B,CYS,FE
235,5089,1y07.pdb,119,A,CYS,FE
236,5090,1y07.pdb,119,B,CYS,FE
237,5091,1y07.pdb,119,C,CYS,FE
238,5092,1y07.pdb,119,D,CYS,FE
239,5095,1d0o.pdb,186,A,CYS,FE
240,5098,1d0o.pdb,186,B,CYS,FE
241,5131,4d30.pdb,415,A,CYS,FE
242,5134,4d30.pdb,415,B,CYS,FE
243,5236,5ad8.pdb,415,A,CYS,FE
244,5239,5ad8.pdb,415,B,CYS,FE
245,5358,1fhm.pdb,6,A,CYS,FE
246,5359,1fhm.pdb,9,A,CYS,FE
247,5360,1fhm.pdb,39,A,CYS,FE
248,5361,1fhm.pdb,42,A,CYS,FE
249,5434,3kyx.pdb,5,A,CYS,FE
250,5435,3kyx.pdb,8,A,CYS,FE
251,5436,3kyx.pdb,38,A,CYS,FE
252,5437,3kyx.pdb,41,A,CYS,FE
253,5460,3jwu.pdb,415,A,CYS,FE
254,5463,3jwu.pdb,415,B,CYS,FE
255,5466,3tyl.pdb,415,A,CYS,FE
256,5469,3tyl.pdb,415,B,CYS,FE
257,5558,4uh5.pdb,420,A,CYS,FE
258,5561,4uh5.pdb,420,B,CYS,FE
259,5695,1iu6.pdb,5,A,CYS,FE
260,5696,1iu6.pdb,8,A,CYS,FE
261,5697,1iu6.pdb,38,A,CYS,FE
262,5698,1iu6.pdb,41,A,CYS,FE
263,5701,4fvz.pdb,415,A,CYS,FE
264,5704,4fvz.pdb,415,B,CYS,FE
265,5727,6av7.pdb,184,A,CYS,FE
266,5730,6av7.pdb,184,B,CYS,FE
267,5733,6av7.pdb,184,C,CYS,FE
268,5736,6av7.pdb,184,D,CYS,FE
269,5746,3rqm.pdb,415,A,CYS,FE
270,5749,3rqm.pdb,415,B,CYS,FE
271,5750,1yk5.pdb,6,A,CYS,FE
272,5751,1yk5.pdb,9,A,CYS,FE
273,5752,1yk5.pdb,39,A,CYS,FE
274,5753,1yk5.pdb,42,A,CYS,FE
275,5754,1yk5.pdb,6,B,CYS,FE
276,5755,1yk5.pdb,9,B,CYS,FE
277,5756,1yk5.pdb,39,B,CYS,FE
278,5757,1yk5.pdb,42,B,CYS,FE
279,5758,1yk5.pdb,6,C,CYS,FE
280,5759,1yk5.pdb,9,C,CYS,FE
281,5760,1yk5.pdb,39,C,CYS,FE
282,5761,1yk5.pdb,42,C,CYS,FE
283,5762,1yk5.pdb,6,D,CYS,FE
284,5763,1yk5.pdb,9,D,CYS,FE
285,5764,1yk5.pdb,39,D,CYS,FE
286,5765,1yk5.pdb,42,D,CYS,FE
287,5778,2yeq.pdb,124,A,CYS,FE
288,5779,2yeq.pdb,124,B,CYS,FE
289,5850,3nli.pdb,186,A,CYS,FE
290,5853,3nli.pdb,186,B,CYS,FE
291,6093,6poa.pdb,420,A,CYS,FE
292,6096,6poa.pdb,420,B,CYS,FE
293,6099,4upp.pdb,415,A,CYS,FE
294,6102,4upp.pdb,415,B,CYS,FE
295,6172,2g6m.pdb,415,A,CYS,FE
296,6175,2g6m.pdb,415,B,CYS,FE
297,6178,3f47.pdb,176,A,CYS,FE
298,6202,6aus.pdb,415,A,CYS,FE
299,6205,6aus.pdb,415,B,CYS,FE
300,6229,6pp0.pdb,184,A,CYS,FE
301,6232,6pp0.pdb,184,B,CYS,FE
302,6235,6pp0.pdb,184,C,CYS,FE
303,6238,6pp0.pdb,184,D,CYS,FE
304,6286,6qgt.pdb,66,A,CYS,FE
305,6287,6qgt.pdb,435,A,CYS,FE
306,6296,2cz0.pdb,109,A,CYS,FE
307,6297,2cz0.pdb,112,A,CSD,FE
308,6298,2cz0.pdb,114,A,CSD,FE
309,6454,3n62.pdb,415,A,CYS,FE
310,6457,3n62.pdb,415,B,CYS,FE
311,6498,2ji3.pdb,10,A,CYS,FE
312,6499,2ji3.pdb,13,A,CYS,FE
313,6500,2ji3.pdb,29,A,CYS,FE
314,6501,2ji3.pdb,30,A,CYS,FE
315,6502,2ji3.pdb,116,A,CYS,FE
316,6503,2ji3.pdb,10,B,CYS,FE
317,6504,2ji3.pdb,13,B,CYS,FE
318,6505,2ji3.pdb,29,B,CYS,FE
319,6506,2ji3.pdb,30,B,CYS,FE
320,6507,2ji3.pdb,116,B,CYS,FE
321,6508,2ji3.pdb,10,C,CYS,FE
322,6509,2ji3.pdb,13,C,CYS,FE
323,6510,2ji3.pdb,29,C,CYS,FE
324,6511,2ji3.pdb,30,C,CYS,FE
325,6512,2ji3.pdb,116,C,CYS,FE
326,6513,2ji3.pdb,10,D,CYS,FE
327,6514,2ji3.pdb,13,D,CYS,FE
328,6515,2ji3.pdb,29,D,CYS,FE
329,6516,2ji3.pdb,30,D,CYS,FE
330,6517,2ji3.pdb,116,D,CYS,FE
331,6522,5g0n.pdb,415,A,CYS,FE
332,6525,5g0n.pdb,415,B,CYS,FE
333,6539,5g0o.pdb,415,A,CYS,FE
334,6542,5g0o.pdb,415,B,CYS,FE
335,6700,1om4.pdb,415,A,CYS,FE
336,6703,1om4.pdb,415,B,CYS,FE
337,6836,6auq.pdb,415,A,CYS,FE
338,6839,6auq.pdb,415,B,CYS,FE
339,6842,4upo.pdb,415,A,CYS,FE
340,6845,4upo.pdb,415,B,CYS,FE
341,6887,1hfe.pdb,382,L,CYS,FE
342,6894,1hfe.pdb,382,M,CYS,FE
343,6903,6qgr.pdb,66,A,CYS,FE
344,6904,6qgr.pdb,435,A,CYS,FE
345,6942,2cz6.pdb,109,A,CYS,FE
346,6943,2cz6.pdb,112,A,CSD,FE
347,6944,2cz6.pdb,114,A,CSO,FE
348,6953,6av3.pdb,420,A,CYS,FE
349,6956,6av3.pdb,420,B,CYS,FE
350,7001,3ufs.pdb,415,A,CYS,FE
351,7004,3ufs.pdb,415,B,CYS,FE
352,7129,4lux.pdb,415,A,CYS,FE
353,7132,4lux.pdb,415,B,CYS,FE
354,7152,4iev.pdb,502,A,CYS,FE
355,7200,6nhe.pdb,415,A,CYS,FE
356,7203,6nhe.pdb,415,B,CYS,FE
357,7247,5kob.pdb,99,A,CYS,FE
358,7248,5kob.pdb,99,B,CYS,FE
359,7249,5kob.pdb,99,C,CYS,FE
360,7250,5kob.pdb,99,D,CYS,FE
361,7276,6rxn.pdb,6,A,CYS,FE
362,7277,6rxn.pdb,9,A,CYS,FE
363,7278,6rxn.pdb,39,A,CYS,FE
364,7279,6rxn.pdb,42,A,CYS,FE
365,7294,1oao.pdb,317,A,CYS,FE
366,7301,1oao.pdb,317,B,CYS,FE
367,7303,1oao.pdb,550,B,CYS,FE
368,7318,1bsz.pdb,90,A,CYS,FE
369,7319,1bsz.pdb,590,B,CYS,FE
370,7320,1bsz.pdb,1090,C,CYS,FE
371,7323,3ufu.pdb,415,A,CYS,FE
372,7326,3ufu.pdb,415,B,CYS,FE
373,7445,1lkm.pdb,158,A,CYS,FE
374,7446,1lkm.pdb,161,A,CYS,FE
375,7447,1lkm.pdb,174,A,CYS,FE
376,7448,1lkm.pdb,177,A,CYS,FE
377,7451,2g6o.pdb,186,A,CYS,FE
378,7454,2g6o.pdb,186,B,CYS,FE
379,7533,6cid.pdb,420,A,CYS,FE
380,7536,6cid.pdb,420,B,CYS,FE
381,7590,1vzg.pdb,10,A,CYS,FE
382,7591,1vzg.pdb,29,A,CYS,FE
383,7592,1vzg.pdb,10,B,CYS,FE
384,7593,1vzg.pdb,13,B,CYS,FE
385,7594,1vzg.pdb,29,B,CYS,FE
386,7595,1vzg.pdb,30,B,CYS,FE
387,7596,1vzg.pdb,116,B,CYS,FE
388,7629,4bgl.pdb,110,A,CYS,FE
389,7630,4bgl.pdb,110,B,CYS,FE
390,7631,4bgl.pdb,110,C,CYS,FE
391,7632,4bgl.pdb,110,D,CYS,FE
392,7635,6ngk.pdb,415,A,CYS,FE
393,7638,6ngk.pdb,415,B,CYS,FE
394,7639,3kyy.pdb,5,A,CYS,FE
395,7640,3kyy.pdb,8,A,CYS,FE
396,7641,3kyy.pdb,38,A,CYS,FE
397,7642,3kyy.pdb,41,A,CYS,FE
398,7689,1dmk.pdb,186,A,CYS,FE
399,7692,1dmk.pdb,186,B,CYS,FE
400,7746,6nh8.pdb,184,A,CYS,FE
401,7749,6nh8.pdb,184,B,CYS,FE
402,7752,6nh8.pdb,184,C,CYS,FE
403,7755,6nh8.pdb,184,D,CYS,FE
404,7756,4k9f.pdb,5,A,CYS,FE
405,7757,4k9f.pdb,8,A,CYS,FE
406,7758,4k9f.pdb,38,A,CYS,FE
407,7759,4k9f.pdb,41,A,CYS,FE
408,7763,5xnc.pdb,91,A,CYS,FE
409,7764,5xnc.pdb,94,A,CYS,FE
410,7765,5xnc.pdb,91,B,CYS,FE
411,7766,5xnc.pdb,94,B,CYS,FE
412,7767,5xnc.pdb,91,C,CYS,FE
413,7768,5xnc.pdb,94,C,CYS,FE
414,7769,5xnc.pdb,91,D,CYS,FE
415,7770,5xnc.pdb,94,D,CYS,FE
416,7771,5xnc.pdb,91,E,CYS,FE
417,7772,5xnc.pdb,94,E,CYS,FE
418,7773,5xnc.pdb,91,F,CYS,FE
419,7774,5xnc.pdb,94,F,CYS,FE
420,7775,5xnc.pdb,91,G,CYS,FE
421,7776,5xnc.pdb,94,G,CYS,FE
422,7846,6ngj.pdb,415,A,CYS,FE
423,7849,6ngj.pdb,415,B,CYS,FE
424,7877,4cx6.pdb,415,A,CYS,FE
425,7880,4cx6.pdb,415,B,CYS,FE
426,7894,6ngn.pdb,415,A,CYS,FE
427,7897,6ngn.pdb,415,B,CYS,FE
428,7928,1s1f.pdb,353,A,CYS,FE
429,8030,1dfx.pdb,9,A,CYS,FE
430,8031,1dfx.pdb,12,A,CYS,FE
431,8032,1dfx.pdb,28,A,CYS,FE
432,8033,1dfx.pdb,29,A,CYS,FE
433,8034,1dfx.pdb,115,A,CYS,FE
434,8049,5vus.pdb,415,A,CYS,FE
435,8052,5vus.pdb,415,B,CYS,FE
436,8066,5vuo.pdb,415,A,CYS,FE
437,8069,5vuo.pdb,415,B,CYS,FE
438,8103,1lm6.pdb,130,A,OCS,FE
439,8191,5fw0.pdb,415,A,CYS,FE
440,8194,5fw0.pdb,415,B,CYS,FE
441,8195,1be7.pdb,6,A,CYS,FE
442,8196,1be7.pdb,9,A,CYS,FE
443,8197,1be7.pdb,39,A,CYS,FE
444,8266,1dqi.pdb,111,A,CYS,FE
445,8267,1dqi.pdb,111,C,CYS,FE
446,8270,3tyo.pdb,415,A,CYS,FE
447,8273,3tyo.pdb,415,B,CYS,FE
448,8292,3n64.pdb,415,A,CYS,FE
449,8295,3n64.pdb,415,B,CYS,FE
450,8355,6j28.pdb,97,A,CYS,FE
451,8356,6j28.pdb,100,A,CYS,FE
452,8357,6j28.pdb,97,B,CYS,FE
453,8358,6j28.pdb,100,B,CYS,FE
454,8359,6j28.pdb,97,C,CYS,FE
455,8360,6j28.pdb,100,C,CYS,FE
456,8361,6j28.pdb,97,D,CYS,FE
457,8362,6j28.pdb,100,D,CYS,FE
458,8450,4wzc.pdb,125,A,CYS,FE
459,8451,4wzc.pdb,128,A,CYS,FE
460,8452,4wzc.pdb,162,A,CYS,FE
461,8453,4wzc.pdb,165,A,CYS,FE
462,8476,3wve.pdb,109,A,CYS,FE
463,8477,3wve.pdb,112,A,CSD,FE
464,8478,3wve.pdb,114,A,CSO,FE
465,8496,3zea.pdb,78,B,CYS,FE
466,8500,3zea.pdb,492,B,CYS,FE
467,8531,1yv1.pdb,174,A,CYS,FE
468,8532,1yv1.pdb,177,A,CYS,FE
469,8533,1yv1.pdb,189,A,CYS,FE
470,8534,1yv1.pdb,192,A,CYS,FE
471,8535,1yv1.pdb,174,B,CYS,FE
472,8536,1yv1.pdb,177,B,CYS,FE
473,8537,1yv1.pdb,189,B,CYS,FE
474,8538,1yv1.pdb,192,B,CYS,FE
475,8707,4cx5.pdb,415,A,CYS,FE
476,8710,4cx5.pdb,415,B,CYS,FE
477,8721,1cad.pdb,5,A,CYS,FE
478,8722,1cad.pdb,8,A,CYS,FE
479,8723,1cad.pdb,38,A,CYS,FE
480,8724,1cad.pdb,41,A,CYS,FE
481,8824,2g6i.pdb,415,A,CYS,FE
482,8827,2g6i.pdb,415,B,CYS,FE
483,8828,3a8l.pdb,109,A,CYS,FE
484,8829,3a8l.pdb,112,A,CSD,FE
485,8830,3a8l.pdb,114,A,CSO,FE
486,8912,4v3y.pdb,415,A,CYS,FE
487,8915,4v3y.pdb,415,B,CYS,FE
488,8971,4cao.pdb,415,A,CYS,FE
489,8974,4cao.pdb,415,B,CYS,FE
490,8991,4iey.pdb,502,A,2CO,FE
491,9013,3n5x.pdb,415,A,CYS,FE
492,9016,3n5x.pdb,415,B,CYS,FE
493,9021,3pwf.pdb,142,A,CYS,FE
494,9022,3pwf.pdb,145,A,CYS,FE
495,9023,3pwf.pdb,157,A,CYS,FE
496,9024,3pwf.pdb,160,A,CYS,FE
497,9025,3pwf.pdb,142,B,CYS,FE
498,9026,3pwf.pdb,145,B,CYS,FE
499,9027,3pwf.pdb,157,B,CYS,FE
500,9028,3pwf.pdb,160,B,CYS,FE
501,9070,4bv1.pdb,97,A,CYS,FE
502,9071,4bv1.pdb,97,B,CYS,FE
503,9072,4bv1.pdb,97,C,CYS,FE
504,9073,4bv1.pdb,97,D,CYS,FE
505,9082,3lmc.pdb,160,A,CYS,FE
506,9083,3lmc.pdb,165,A,CYS,FE
507,9084,3lmc.pdb,184,A,CYS,FE
508,9085,3lmc.pdb,187,A,CYS,FE
509,9116,6auy.pdb,420,A,CYS,FE
510,9119,6auy.pdb,420,B,CYS,FE
511,9142,3nlm.pdb,415,A,CYS,FE
512,9145,3nlm.pdb,415,B,CYS,FE
513,9247,6ngt.pdb,415,A,CYS,FE
514,9250,6ngt.pdb,415,B,CYS,FE
515,9255,1m9m.pdb,184,A,CYS,FE
516,9258,1m9m.pdb,184,B,CYS,FE
517,9291,6ngi.pdb,420,A,CYS,FE
518,9294,6ngi.pdb,420,B,CYS,FE
519,9377,4d31.pdb,415,A,CYS,FE
520,9380,4d31.pdb,415,B,CYS,FE
521,9391,6ngv.pdb,415,A,CYS,FE
522,9394,6ngv.pdb,415,B,CYS,FE
523,9440,2c1d.pdb,143,A,CYS,FE
524,9441,2c1d.pdb,143,C,CYS,FE
525,9442,2c1d.pdb,143,E,CYS,FE
526,9443,2c1d.pdb,143,G,CYS,FE
527,9505,6pp3.pdb,184,A,CYS,FE
528,9508,6pp3.pdb,184,B,CYS,FE
529,9511,6pp3.pdb,184,C,CYS,FE
530,9514,6pp3.pdb,184,D,CYS,FE
531,9521,3jwv.pdb,415,A,CYS,FE
532,9524,3jwv.pdb,415,B,CYS,FE
533,9531,6ond.pdb,519,A,CYS,FE
534,9538,6ond.pdb,519,B,CYS,FE
535,9545,6ond.pdb,519,C,CYS,FE
536,9552,6ond.pdb,519,D,CYS,FE
537,9573,4cx3.pdb,415,A,CYS,FE
538,9576,4cx3.pdb,415,B,CYS,FE
539,9615,4kcn.pdb,415,A,CYS,FE
540,9618,4kcn.pdb,415,B,CYS,FE
541,9621,5fvq.pdb,415,A,CYS,FE
542,9624,5fvq.pdb,415,B,CYS,FE
543,9640,5unz.pdb,415,A,CYS,FE
544,9643,5unz.pdb,415,B,CYS,FE
545,9682,1s2z.pdb,158,A,CYS,FE
546,9683,1s2z.pdb,161,A,CYS,FE
547,9684,1s2z.pdb,174,A,CYS,FE
548,9685,1s2z.pdb,177,A,CYS,FE
549,9729,4can.pdb,415,A,CYS,FE
550,9732,4can.pdb,415,B,CYS,FE
551,9837,6ngp.pdb,415,A,CYS,FE
552,9840,6ngp.pdb,415,B,CYS,FE
553,9868,6av0.pdb,420,A,CYS,FE
554,9871,6av0.pdb,420,B,CYS,FE
555,9915,5agl.pdb,415,A,CYS,FE
556,9918,5agl.pdb,415,B,CYS,FE
557,10243,5vuv.pdb,420,A,CYS,FE
558,10246,5vuv.pdb,420,B,CYS,FE
559,10395,6aur.pdb,415,A,CYS,FE
560,10398,6aur.pdb,415,B,CYS,FE
561,10459,4uh6.pdb,420,A,CYS,FE
562,10462,4uh6.pdb,420,B,CYS,FE
563,10611,6po8.pdb,420,A,CYS,FE
564,10614,6po8.pdb,420,B,CYS,FE
565,10748,5uns.pdb,415,A,CYS,FE
566,10751,5uns.pdb,415,B,CYS,FE
567,10784,1c09.pdb,6,A,CYS,FE
568,10785,1c09.pdb,9,A,CYS,FE
569,10786,1c09.pdb,39,A,CYS,FE
570,10787,1c09.pdb,42,A,CYS,FE
571,10788,1c09.pdb,6,B,CYS,FE
572,10789,1c09.pdb,9,B,CYS,FE
573,10790,1c09.pdb,39,B,CYS,FE
574,10791,1c09.pdb,42,B,CYS,FE
575,10792,1c09.pdb,6,C,CYS,FE
576,10793,1c09.pdb,9,C,CYS,FE
577,10794,1c09.pdb,39,C,CYS,FE
578,10795,1c09.pdb,42,C,CYS,FE
579,10855,5ago.pdb,415,A,CYS,FE
580,10858,5ago.pdb,415,B,CYS,FE
581,10874,5xnh.pdb,91,A,CYS,FE
582,10875,5xnh.pdb,94,A,CYS,FE
583,10876,5xnh.pdb,91,H,CYS,FE
584,10877,5xnh.pdb,94,H,CYS,FE
585,10904,6ngq.pdb,415,A,CYS,FE
586,10907,6ngq.pdb,415,B,CYS,FE
587,10929,5ada.pdb,415,A,CYS,FE
588,10932,5ada.pdb,415,B,CYS,FE
589,10984,4d1p.pdb,184,A,CYS,FE
590,10987,4d1p.pdb,184,B,CYS,FE
591,11024,4nse.pdb,186,A,CYS,FE
592,11027,4nse.pdb,186,B,CYS,FE
593,11038,1yqw.pdb,75,Q,CYS,FE
594,11039,1yqw.pdb,546,Q,CYS,FE
595,11045,1yqw.pdb,75,R,CYS,FE
596,11046,1yqw.pdb,546,R,CYS,FE
597,11052,1yqw.pdb,75,S,CYS,FE
598,11053,1yqw.pdb,546,S,CYS,FE
599,11222,3png.pdb,415,A,CYS,FE
600,11225,3png.pdb,415,B,CYS,FE
601,11257,5t8z.pdb,99,A,CYS,FE
602,11304,3jws.pdb,415,A,CYS,FE
603,11307,3jws.pdb,415,B,CYS,FE
604,11313,3n5w.pdb,415,A,CYS,FE
605,11316,3n5w.pdb,415,B,CYS,FE
606,11371,6pmv.pdb,415,A,CYS,FE
607,11374,6pmv.pdb,415,B,CYS,FE
608,11431,4kcl.pdb,415,A,CYS,FE
609,11434,4kcl.pdb,415,B,CYS,FE
610,11520,1nse.pdb,186,A,CYS,FE
611,11523,1nse.pdb,186,B,CYS,FE
612,11597,6ngr.pdb,415,A,CYS,FE
613,11600,6ngr.pdb,415,B,CYS,FE
614,11623,5uo2.pdb,420,A,CYS,FE
615,11626,5uo2.pdb,420,B,CYS,FE
616,11647,4z82.pdb,302,A,CYS,FE
617,11699,1d0c.pdb,186,A,CYS,FE
618,11702,1d0c.pdb,186,B,CYS,FE
619,11716,1d1v.pdb,186,A,CYS,FE
620,11719,1d1v.pdb,186,B,CYS,FE
621,11737,4k5e.pdb,415,A,CYS,FE
622,11740,4k5e.pdb,415,B,CYS,FE
623,11827,4l2n.pdb,125,A,CYS,FE
624,11828,4l2n.pdb,162,A,CYS,FE
625,11829,4l2n.pdb,165,A,CYS,FE
626,11871,6ngl.pdb,415,A,CYS,FE
627,11874,6ngl.pdb,415,B,CYS,FE
628,11899,3nlz.pdb,415,A,CYS,FE
629,11902,3nlz.pdb,415,B,CYS,FE
630,11971,4jyd.pdb,311,A,CYS,FE
631,11972,4jyd.pdb,319,A,CYS,FE
632,12057,4d2z.pdb,415,A,CYS,FE
633,12060,4d2z.pdb,415,B,CYS,FE
634,12083,5vuj.pdb,415,A,CYS,FE
635,12086,5vuj.pdb,415,B,CYS,FE
636,12090,1caa.pdb,5,A,CYS,FE
637,12091,1caa.pdb,8,A,CYS,FE
638,12092,1caa.pdb,38,A,CYS,FE
639,12093,1caa.pdb,41,A,CYS,FE
640,12100,6d61.pdb,125,A,CYS,FE
641,12101,6d61.pdb,128,A,CYS,FE
642,12102,6d61.pdb,162,A,CYS,FE
643,12103,6d61.pdb,165,A,CYS,FE
644,12130,1p6i.pdb,415,A,CYS,FE
645,12133,1p6i.pdb,415,B,CYS,FE
646,12136,6ngb.pdb,420,A,CYS,FE
647,12139,6ngb.pdb,420,B,CYS,FE
648,12155,3b3m.pdb,415,A,CYS,FE
649,12158,3b3m.pdb,415,B,CYS,FE
650,12256,6pnh.pdb,420,A,CYS,FE
651,12259,6pnh.pdb,420,B,CYS,FE
652,12262,4jsg.pdb,415,A,CYS,FE
653,12265,4jsg.pdb,415,B,CYS,FE
654,12356,3tyn.pdb,415,A,CYS,FE
655,12359,3tyn.pdb,415,B,CYS,FE
656,12474,1xen.pdb,90,A,CYS,FE
657,12525,2hx2.pdb,186,A,CYS,FE
658,12528,2hx2.pdb,186,B,CYS,FE
659,12720,1yfu.pdb,125,A,CYS,FE
660,12721,1yfu.pdb,128,A,CYS,FE
661,12722,1yfu.pdb,162,A,CYS,FE
662,12723,1yfu.pdb,165,A,CYS,FE
663,12750,5uo6.pdb,420,A,CYS,FE
664,12753,5uo6.pdb,420,B,CYS,FE
665,12759,3n65.pdb,415,A,CYS,FE
666,12762,3n65.pdb,415,B,CYS,FE
667,12807,4cx4.pdb,415,A,CYS,FE
668,12810,4cx4.pdb,415,B,CYS,FE
669,12903,1b13.pdb,6,A,CYS,FE
670,12904,1b13.pdb,9,A,CYS,FE
671,12905,1b13.pdb,39,A,CYS,FE
672,12906,1b13.pdb,42,A,CYS,FE
673,12928,4hsj.pdb,125,A,CYS,FE
674,12929,4hsj.pdb,128,A,CYS,FE
675,12930,4hsj.pdb,162,A,CYS,FE
676,12931,4hsj.pdb,165,A,CYS,FE
677,12991,3n66.pdb,415,A,CYS,FE
678,12994,3n66.pdb,415,B,CYS,FE
679,12997,4jsj.pdb,415,A,CYS,FE
680,13000,4jsj.pdb,415,B,CYS,FE
681,13012,1p6k.pdb,415,A,CYS,FE
682,13015,1p6k.pdb,415,B,CYS,FE
683,13022,3rz6.pdb,5,A,CYS,FE
684,13023,3rz6.pdb,8,A,CYS,FE
685,13024,3rz6.pdb,38,A,CYS,FE
686,13025,3rz6.pdb,41,A,CYS,FE
687,13040,4d1o.pdb,184,A,CYS,FE
688,13043,4d1o.pdb,184,B,CYS,FE
689,13077,3jt8.pdb,415,A,CYS,FE
690,13080,3jt8.pdb,415,B,CYS,FE
691,13105,6aut.pdb,415,A,CYS,FE
692,13108,6aut.pdb,415,B,CYS,FE
693,13176,1ed4.pdb,186,A,CYS,FE
694,13179,1ed4.pdb,186,B,CYS,FE
695,13189,5vuu.pdb,415,A,CYS,FE
696,13192,5vuu.pdb,415,B,CYS,FE
697,13299,4cam.pdb,415,A,CYS,FE
698,13302,4cam.pdb,415,B,CYS,FE
699,13305,5nse.pdb,186,A,CYS,FE
700,13308,5nse.pdb,186,B,CYS,FE
701,13359,6auw.pdb,415,A,CYS,FE
702,13362,6auw.pdb,415,B,CYS,FE
703,13386,5xnf.pdb,91,A,CYS,FE
704,13387,5xnf.pdb,94,A,CYS,FE
705,13388,5xnf.pdb,91,B,CYS,FE
706,13389,5xnf.pdb,94,B,CYS,FE
707,13414,4d3b.pdb,415,A,CYS,FE
708,13417,4d3b.pdb,415,B,CYS,FE
709,13432,1iu5.pdb,5,A,CYS,FE
710,13433,1iu5.pdb,8,A,CYS,FE
711,13434,1iu5.pdb,38,A,CYS,FE
712,13435,1iu5.pdb,41,A,CYS,FE
713,13440,6bpr.pdb,302,A,CYS,FE
714,13464,3pnf.pdb,415,A,CYS,FE
715,13467,3pnf.pdb,415,B,CYS,FE
716,13470,4upr.pdb,186,A,CYS,FE
717,13473,4upr.pdb,186,B,CYS,FE
718,13532,4caq.pdb,415,A,CYS,FE
719,13535,4caq.pdb,415,B,CYS,FE
720,13750,6av5.pdb,420,A,CYS,FE
721,13753,6av5.pdb,420,B,CYS,FE
722,13853,6dc2.pdb,519,A,CYS,FE
723,13860,6dc2.pdb,519,B,CYS,FE
724,13867,6dc2.pdb,519,C,CYS,FE
725,13874,6dc2.pdb,519,D,CYS,FE
726,13891,3hsn.pdb,415,A,CYS,FE
727,13894,3hsn.pdb,415,B,CYS,FE
728,13923,1q2o.pdb,186,A,CYS,FE
729,13926,1q2o.pdb,186,B,CYS,FE
730,13932,5unr.pdb,415,A,CYS,FE
731,13935,5unr.pdb,415,B,CYS,FE
732,13969,5agm.pdb,415,A,CYS,FE
733,13972,5agm.pdb,415,B,CYS,FE
734,13977,1lkp.pdb,158,A,CYS,FE
735,13978,1lkp.pdb,161,A,CYS,FE
736,13979,1lkp.pdb,174,A,CYS,FE
737,13980,1lkp.pdb,177,A,CYS,FE
738,13991,5adg.pdb,420,A,CYS,FE
739,13994,5adg.pdb,420,B,CYS,FE
740,14066,6ngf.pdb,420,A,CYS,FE
741,14069,6ngf.pdb,420,B,CYS,FE
742,14105,3nnz.pdb,415,A,CYS,FE
743,14108,3nnz.pdb,415,B,CYS,FE
744,14156,5v26.pdb,128,A,CYS,FE
745,14157,5v26.pdb,162,A,CYS,FE
746,14158,5v26.pdb,125,B,CYS,FE
747,14159,5v26.pdb,128,B,CYS,FE
748,14160,5v26.pdb,162,B,CYS,FE
749,14161,5v26.pdb,165,B,CYS,FE
750,14186,6pn7.pdb,415,A,CYS,FE
751,14189,6pn7.pdb,415,B,CYS,FE
752,14192,6aux.pdb,415,A,CYS,FE
753,14195,6aux.pdb,415,B,CYS,FE
754,14333,1p6h.pdb,415,A,CYS,FE
755,14336,1p6h.pdb,415,B,CYS,FE
756,14419,6ng2.pdb,420,A,CYS,FE
757,14422,6ng2.pdb,420,B,CYS,FE
758,14587,5uo1.pdb,420,A,CYS,FE
759,14590,5uo1.pdb,420,B,CYS,FE
760,14629,3n60.pdb,415,A,CYS,FE
761,14632,3n60.pdb,415,B,CYS,FE
762,14819,5uo0.pdb,415,A,CYS,FE
763,14822,5uo0.pdb,415,B,CYS,FE
764,14856,6ngs.pdb,415,A,CYS,FE
765,14859,6ngs.pdb,415,B,CYS,FE
766,14878,1rrm.pdb,362,A,CYS,FE
767,14879,1rrm.pdb,362,B,CYS,FE
768,14889,1b71.pdb,158,A,CYS,FE
769,14890,1b71.pdb,161,A,CYS,FE
770,14891,1b71.pdb,174,A,CYS,FE
771,14892,1b71.pdb,177,A,CYS,FE
772,14932,5agn.pdb,415,A,CYS,FE
773,14935,5agn.pdb,415,B,CYS,FE
774,14957,6poc.pdb,420,A,CYS,FE
775,14960,6poc.pdb,420,B,CYS,FE
776,15000,6bpv.pdb,302,A,CYS,FE
777,15003,4uh4.pdb,415,A,CYS,FE
778,15006,4uh4.pdb,415,B,CYS,FE
779,15120,6pn6.pdb,415,A,CYS,FE
780,15123,6pn6.pdb,415,B,CYS,FE
781,15254,6cic.pdb,420,A,CYS,FE
782,15257,6cic.pdb,420,B,CYS,FE
783,15340,2rdv.pdb,6,A,CYS,FE
784,15341,2rdv.pdb,9,A,CYS,FE
785,15342,2rdv.pdb,39,A,CYS,FE
786,15343,2rdv.pdb,42,A,CYS,FE
787,15344,2rdv.pdb,6,B,CYS,FE
788,15345,2rdv.pdb,9,B,CYS,FE
789,15346,2rdv.pdb,39,B,CYS,FE
790,15347,2rdv.pdb,42,B,CYS,FE
791,15348,2rdv.pdb,6,C,CYS,FE
792,15349,2rdv.pdb,9,C,CYS,FE
793,15350,2rdv.pdb,39,C,CYS,FE
794,15351,2rdv.pdb,42,C,CYS,FE
795,15383,4v3x.pdb,415,A,CYS,FE
796,15386,4v3x.pdb,415,B,CYS,FE
797,15466,5fvs.pdb,415,A,CYS,FE
798,15469,5fvs.pdb,415,B,CYS,FE
799,15476,3ze7.pdb,78,B,CYS,FE
800,15477,3ze7.pdb,492,B,CYS,FE
801,15616,3a8h.pdb,109,A,CYS,FE
802,15617,3a8h.pdb,112,A,CSD,FE
803,15618,3a8h.pdb,114,A,CSO,FE
804,15785,1t9q.pdb,6,A,CYS,FE
805,15786,1t9q.pdb,9,A,CYS,FE
806,15787,1t9q.pdb,39,A,CYS,FE
807,15788,1t9q.pdb,42,A,CYS,FE
808,15795,6onc.pdb,519,A,CYS,FE
809,15802,6onc.pdb,519,B,CYS,FE
810,15809,6onc.pdb,519,C,CYS,FE
811,15816,6onc.pdb,519,D,CYS,FE
812,15822,6png.pdb,420,A,CYS,FE
813,15825,6png.pdb,420,B,CYS,FE
814,15828,6po5.pdb,420,A,CYS,FE
815,15831,6po5.pdb,420,B,CYS,FE
816,15848,1foi.pdb,186,A,CYS,FE
817,15851,1foi.pdb,186,B,CYS,FE
818,15879,2ji2.pdb,10,A,CYS,FE
819,15880,2ji2.pdb,13,A,CYS,FE
820,15881,2ji2.pdb,29,A,CYS,FE
821,15882,2ji2.pdb,30,A,CYS,FE
822,15883,2ji2.pdb,116,A,CYS,FE
823,15884,2ji2.pdb,10,B,CYS,FE
824,15885,2ji2.pdb,13,B,CYS,FE
825,15886,2ji2.pdb,29,B,CYS,FE
826,15887,2ji2.pdb,30,B,CYS,FE
827,15888,2ji2.pdb,116,B,CYS,FE
828,15889,2ji2.pdb,10,C,CYS,FE
829,15890,2ji2.pdb,13,C,CYS,FE
830,15891,2ji2.pdb,29,C,CYS,FE
831,15892,2ji2.pdb,30,C,CYS,FE
832,15893,2ji2.pdb,116,C,CYS,FE
833,15894,2ji2.pdb,10,D,CYS,FE
834,15895,2ji2.pdb,13,D,CYS,FE
835,15896,2ji2.pdb,29,D,CYS,FE
836,15897,2ji2.pdb,30,D,CYS,FE
837,15898,2ji2.pdb,116,D,CYS,FE
838,15945,6g71.pdb,346,A,CYS,FE
839,15948,5vur.pdb,415,A,CYS,FE
840,15951,5vur.pdb,415,B,CYS,FE
841,15991,3nly.pdb,415,A,CYS,FE
842,15994,3nly.pdb,415,B,CYS,FE
843,16018,5fvt.pdb,415,A,CYS,FE
844,16021,5fvt.pdb,415,B,CYS,FE
845,16026,2zph.pdb,109,A,CYS,FE
846,16027,2zph.pdb,112,A,CSD,FE
847,16028,2zph.pdb,114,A,CSO,FE
848,16062,6av4.pdb,420,A,CYS,FE
849,16065,6av4.pdb,420,B,CYS,FE
850,16158,4ups.pdb,186,A,CYS,FE
851,16161,4ups.pdb,186,B,CYS,FE
852,16165,6ngc.pdb,420,A,CYS,FE
853,16168,6ngc.pdb,420,B,CYS,FE
854,16350,6nh5.pdb,184,A,CYS,FE
855,16353,6nh5.pdb,184,B,CYS,FE
856,16356,6nh5.pdb,184,C,CYS,FE
857,16359,6nh5.pdb,184,D,CYS,FE
858,16489,1dm6.pdb,186,A,CYS,FE
859,16492,1dm6.pdb,186,B,CYS,FE
860,16551,1t9p.pdb,6,A,CYS,FE
861,16552,1t9p.pdb,9,A,CYS,FE
862,16553,1t9p.pdb,39,A,CYS,FE
863,16554,1t9p.pdb,42,A,CYS,FE
864,16555,1t9p.pdb,106,B,CYS,FE
865,16556,1t9p.pdb,109,B,CYS,FE
866,16557,1t9p.pdb,139,B,CYS,FE
867,16558,1t9p.pdb,142,B,CYS,FE
868,16559,1t9p.pdb,206,C,CYS,FE
869,16560,1t9p.pdb,209,C,CYS,FE
870,16561,1t9p.pdb,239,C,CYS,FE
871,16562,1t9p.pdb,242,C,CYS,FE
872,16634,4cft.pdb,186,A,CYS,FE
873,16637,4cft.pdb,186,B,CYS,FE
874,16797,5uny.pdb,415,A,CYS,FE
875,16800,5uny.pdb,415,B,CYS,FE
876,16830,4i3p.pdb,128,A,CYS,FE
877,16831,4i3p.pdb,162,A,CYS,FE
878,16832,4i3p.pdb,165,A,CYS,FE
879,16910,5vv0.pdb,420,A,CYS,FE
880,16913,5vv0.pdb,420,B,CYS,FE
881,17076,4ctv.pdb,415,A,CYS,FE
882,17079,4ctv.pdb,415,B,CYS,FE
883,17178,3ze6.pdb,78,B,CYS,FE
884,17182,3ze6.pdb,492,B,CYS,FE
885,17260,4d7o.pdb,415,A,CYS,FE
886,17263,4d7o.pdb,415,B,CYS,FE
887,17270,6po7.pdb,420,A,CYS,FE
888,17273,6po7.pdb,420,B,CYS,FE
889,17325,3n61.pdb,415,A,CYS,FE
890,17328,3n61.pdb,415,B,CYS,FE
891,17476,5adk.pdb,186,A,CYS,FE
892,17479,5adk.pdb,186,B,CYS,FE
893,17558,4hvo.pdb,125,A,CYS,FE
894,17559,4hvo.pdb,128,A,CYS,FE
895,17560,4hvo.pdb,162,A,CYS,FE
896,17561,4hvo.pdb,165,A,CYS,FE
897,17612,1b2o.pdb,6,A,CYS,FE
898,17613,1b2o.pdb,9,A,CYS,FE
899,17614,1b2o.pdb,39,A,CYS,FE
900,17615,1b2o.pdb,42,A,CYS,FE
901,17616,1b2o.pdb,6,B,CYS,FE
902,17617,1b2o.pdb,9,B,CYS,FE
903,17618,1b2o.pdb,39,B,CYS,FE
904,17619,1b2o.pdb,42,B,CYS,FE
905,17725,5adf.pdb,420,A,CYS,FE
906,17728,5adf.pdb,420,B,CYS,FE
907,17741,6ng4.pdb,420,A,CYS,FE
908,17744,6ng4.pdb,420,B,CYS,FE
909,17774,7rxn.pdb,6,A,CYS,FE
910,17775,7rxn.pdb,9,A,CYS,FE
911,17776,7rxn.pdb,39,A,CYS,FE
912,17777,7rxn.pdb,42,A,CYS,FE
913,17778,1b2j.pdb,6,A,CYS,FE
914,17779,1b2j.pdb,9,A,CYS,FE
915,17780,1b2j.pdb,39,A,CYS,FE
916,17781,1b2j.pdb,42,A,CYS,FE
917,17813,2ahj.pdb,109,A,CYS,FE
918,17814,2ahj.pdb,112,A,CSD,FE
919,17815,2ahj.pdb,114,A,CSO,FE
920,17816,2ahj.pdb,109,C,CYS,FE
921,17817,2ahj.pdb,112,C,CSD,FE
922,17818,2ahj.pdb,114,C,CSO,FE
923,17854,6auu.pdb,415,A,CYS,FE
924,17857,6auu.pdb,415,B,CYS,FE
925,17871,5vuz.pdb,420,A,CYS,FE
926,17874,5vuz.pdb,420,B,CYS,FE
927,17877,6nga.pdb,420,A,CYS,FE
928,17880,6nga.pdb,420,B,CYS,FE
929,17895,6ngd.pdb,420,A,CYS,FE
930,17898,6ngd.pdb,420,B,CYS,FE
931,18036,4bk8.pdb,109,A,CYS,FE
932,18149,6nh7.pdb,184,A,CYS,FE
933,18152,6nh7.pdb,184,B,CYS,FE
934,18172,6ng8.pdb,420,A,CYS,FE
935,18175,6ng8.pdb,420,B,CYS,FE
936,18258,1dxg.pdb,9,A,CYS,FE
937,18259,1dxg.pdb,12,A,CYS,FE
938,18260,1dxg.pdb,28,A,CYS,FE
939,18261,1dxg.pdb,29,A,CYS,FE
940,18262,1dxg.pdb,9,B,CYS,FE
941,18263,1dxg.pdb,12,B,CYS,FE
942,18264,1dxg.pdb,28,B,CYS,FE
943,18265,1dxg.pdb,29,B,CYS,FE
944,18268,1zzq.pdb,415,A,CYS,FE
945,18271,1zzq.pdb,415,B,CYS,FE
946,18304,4fw0.pdb,415,A,CYS,FE
947,18307,4fw0.pdb,415,B,CYS,FE
948,18329,3n2r.pdb,415,A,CYS,FE
949,18332,3n2r.pdb,415,B,CYS,FE
950,18347,3rql.pdb,415,A,CYS,FE
951,18350,3rql.pdb,415,B,CYS,FE
952,18368,6ngy.pdb,415,A,CYS,FE
953,18371,6ngy.pdb,415,B,CYS,FE
954,18424,1vzh.pdb,10,A,CYS,FE
955,18425,1vzh.pdb,29,A,CYS,FE
956,18426,1vzh.pdb,10,B,CYS,FE
957,18427,1vzh.pdb,13,B,CYS,FE
958,18428,1vzh.pdb,29,B,CYS,FE
959,18429,1vzh.pdb,30,B,CYS,FE
960,18439,5vun.pdb,415,A,CYS,FE
961,18442,5vun.pdb,415,B,CYS,FE
962,18632,5vup.pdb,415,A,CYS,FE
963,18635,5vup.pdb,415,B,CYS,FE
964,18642,5lmc.pdb,428,A,CYS,FE
965,18643,5lmc.pdb,431,A,CYS,FE
966,18644,5lmc.pdb,461,A,CYS,FE
967,18645,5lmc.pdb,464,A,CYS,FE
968,18855,5ad7.pdb,415,A,CYS,FE
969,18858,5ad7.pdb,415,B,CYS,FE
970,468,3gzx.pdb,100,A,CYS,FE1
971,469,3gzx.pdb,120,A,CYS,FE1
972,552,6o7o.pdb,275,A,CYS,FE1
973,557,6o7o.pdb,95,B,CYS,FE1
974,567,6o7o.pdb,275,C,CYS,FE1
975,571,6o7o.pdb,95,D,CYS,FE1
976,715,3b53.pdb,47,X,CYS,FE1
977,717,3b53.pdb,56,X,CYS,FE1
978,719,3b53.pdb,446,X,CYS,FE1
979,883,1zxi.pdb,42,A,CYS,FE1
980,884,1zxi.pdb,47,A,CYS,FE1
981,887,1zxi.pdb,102,A,CYS,FE1
982,890,1zxi.pdb,139,A,CYS,FE1
983,892,1zxi.pdb,42,D,CYS,FE1
984,893,1zxi.pdb,47,D,CYS,FE1
985,896,1zxi.pdb,102,D,CYS,FE1
986,899,1zxi.pdb,139,D,CYS,FE1
987,1118,3gzy.pdb,100,A,CYS,FE1
988,1119,3gzy.pdb,120,A,CYS,FE1
989,1198,5vq3.pdb,145,A,CYS,FE1
990,1199,5vq3.pdb,262,A,CYS,FE1
991,1201,5vq3.pdb,145,C,CYS,FE1
992,1202,5vq3.pdb,262,C,CYS,FE1
993,1610,4nbd.pdb,69,A,CYS,FE1
994,1611,4nbd.pdb,90,A,CYS,FE1
995,1612,4nbd.pdb,69,B,CYS,FE1
996,1613,4nbd.pdb,90,B,CYS,FE1
997,1614,4nbd.pdb,69,C,CYS,FE1
998,1615,4nbd.pdb,90,C,CYS,FE1
999,1618,4nbd.pdb,46,E,CYS,FE1
1000,1619,4nbd.pdb,65,E,CYS,FE1
1001,2122,1g8k.pdb,21,A,CYS,FE1
1002,2124,1g8k.pdb,60,B,CYS,FE1
1003,2125,1g8k.pdb,78,B,CYS,FE1
1004,2127,1g8k.pdb,21,C,CYS,FE1
1005,2129,1g8k.pdb,60,D,CYS,FE1
1006,2130,1g8k.pdb,78,D,CYS,FE1
1007,2132,1g8k.pdb,21,E,CYS,FE1
1008,2134,1g8k.pdb,60,F,CYS,FE1
1009,2135,1g8k.pdb,78,F,CYS,FE1
1010,2137,1g8k.pdb,21,G,CYS,FE1
1011,2139,1g8k.pdb,60,H,CYS,FE1
1012,2140,1g8k.pdb,78,H,CYS,FE1
1013,2275,6uoi.pdb,346,A,CYS,FE1
1014,2276,6uoi.pdb,133,B,CYS,FE1
1015,3447,3gl0.pdb,49,B,CYS,FE1
1016,3448,3gl0.pdb,68,B,CYS,FE1
1017,3564,3b52.pdb,47,X,CYS,FE1
1018,3566,3b52.pdb,56,X,CYS,FE1
1019,3568,3b52.pdb,333,X,CYS,FE1
1020,3640,3ze8.pdb,18,A,CYS,FE1
1021,3642,3ze8.pdb,238,A,CYS,FE1
1022,3644,3ze8.pdb,268,A,CYS,FE1
1023,4881,6o7n.pdb,275,A,CYS,FE1
1024,4886,6o7n.pdb,95,B,CYS,FE1
1025,4895,6o7n.pdb,275,C,CYS,FE1
1026,4899,6o7n.pdb,95,D,CYS,FE1
1027,5539,5koh.pdb,291,A,CYS,FE1
1028,5540,5koh.pdb,94,B,CYS,FE1
1029,5542,5koh.pdb,291,C,CYS,FE1
1030,5543,5koh.pdb,94,D,CYS,FE1
1031,6278,6qgt.pdb,31,G,CYS,FE1
1032,6280,6qgt.pdb,191,G,CYS,FE1
1033,6281,6qgt.pdb,193,G,CYS,FE1
1034,6283,6qgt.pdb,211,G,CYS,FE1
1035,6284,6qgt.pdb,234,G,CYS,FE1
1036,6288,6qgt.pdb,108,B,CYS,FE1
1037,6458,6ick.pdb,62,A,CYS,FE1
1038,6459,6ick.pdb,81,A,CYS,FE1
1039,6460,6ick.pdb,62,B,CYS,FE1
1040,6461,6ick.pdb,81,B,CYS,FE1
1041,6717,4wcx.pdb,97,A,CYS,FE1
1042,6721,4wcx.pdb,380,A,CYS,FE1
1043,6722,4wcx.pdb,90,C,CYS,FE1
1044,6882,1hfe.pdb,41,L,CYS,FE1
1045,6883,1hfe.pdb,45,L,CYS,FE1
1046,6885,1hfe.pdb,179,L,CYS,FE1
1047,6889,1hfe.pdb,41,M,CYS,FE1
1048,6890,1hfe.pdb,45,M,CYS,FE1
1049,6892,1hfe.pdb,179,M,CYS,FE1
1050,6895,6qgr.pdb,31,G,CYS,FE1
1051,6897,6qgr.pdb,191,G,CYS,FE1
1052,6898,6qgr.pdb,193,G,CYS,FE1
1053,6900,6qgr.pdb,211,G,CYS,FE1
1054,6901,6qgr.pdb,234,G,CYS,FE1
1055,6905,6qgr.pdb,108,B,CYS,FE1
1056,6964,1m2a.pdb,9,A,CYS,FE1
1057,6965,1m2a.pdb,22,A,CYS,FE1
1058,6968,1m2a.pdb,9,B,CYS,FE1
1059,6969,1m2a.pdb,22,B,CYS,FE1
1060,7033,4p3x.pdb,168,A,CYS,FE1
1061,7075,5bvg.pdb,275,A,CYS,FE1
1062,7076,5bvg.pdb,95,B,CYS,FE1
1063,7078,5bvg.pdb,275,C,CYS,FE1
1064,7079,5bvg.pdb,95,D,CYS,FE1
1065,7291,1oao.pdb,59,A,CYS,FE1
1066,7293,1oao.pdb,76,A,CYS,FE1
1067,7295,1oao.pdb,317,A,CYS,FE1
1068,7299,1oao.pdb,76,B,CYS,FE1
1069,7302,1oao.pdb,355,B,CYS,FE1
1070,7304,1oao.pdb,506,C,CYS,FE1
1071,7309,1oao.pdb,506,D,CYS,FE1
1072,7805,6vjv.pdb,48,A,CYS,FE1
1073,7806,6vjv.pdb,78,A,CYS,FE1
1074,7813,6vjv.pdb,48,B,CYS,FE1
1075,7815,6vjv.pdb,78,B,CYS,FE1
1076,7886,3s2q.pdb,74,A,CYS,FE1
1077,7887,3s2q.pdb,76,A,CYS,FE1
1078,7889,3s2q.pdb,74,B,CYS,FE1
1079,7890,3s2q.pdb,76,B,CYS,FE1
1080,8490,3zea.pdb,18,A,CYS,FE1
1081,8493,3zea.pdb,238,A,CYS,FE1
1082,8495,3zea.pdb,268,A,CYS,FE1
1083,8559,6bbl.pdb,275,A,CYS,FE1
1084,8569,6bbl.pdb,88,C,CYS,FE1
1085,8574,6bbl.pdb,275,C,CYS,FE1
1086,9090,6htm.pdb,102,A,CYS,FE1
1087,9092,6htm.pdb,102,B,CYS,FE1
1088,9283,1ww9.pdb,69,A,CYS,FE1
1089,9284,1ww9.pdb,90,A,CYS,FE1
1090,9527,6ond.pdb,51,A,CYS,FE1
1091,9530,6ond.pdb,340,A,CYS,FE1
1092,9532,6ond.pdb,42,B,CYS,FE1
1093,9533,6ond.pdb,45,B,CYS,FE1
1094,9534,6ond.pdb,51,B,CYS,FE1
1095,9537,6ond.pdb,340,B,CYS,FE1
1096,9541,6ond.pdb,51,C,CYS,FE1
1097,9544,6ond.pdb,340,C,CYS,FE1
1098,9546,6ond.pdb,42,D,CYS,FE1
1099,9547,6ond.pdb,45,D,CYS,FE1
1100,9548,6ond.pdb,51,D,CYS,FE1
1101,9551,6ond.pdb,340,D,CYS,FE1
1102,9764,6wn3.pdb,55,C,CYS,FE1
1103,9765,6wn3.pdb,74,C,CYS,FE1
1104,10067,3a04.pdb,337,A,CYS,FE1
1105,10625,3vmh.pdb,69,A,CYS,FE1
1106,10626,3vmh.pdb,90,A,CYS,FE1
1107,10627,3vmh.pdb,69,B,CYS,FE1
1108,10628,3vmh.pdb,90,B,CYS,FE1
1109,10629,3vmh.pdb,69,C,CYS,FE1
1110,10630,3vmh.pdb,90,C,CYS,FE1
1111,10633,3vmh.pdb,46,E,CYS,FE1
1112,10634,3vmh.pdb,65,E,CYS,FE1
1113,10644,1vck.pdb,46,A,CYS,FE1
1114,10645,1vck.pdb,65,A,CYS,FE1
1115,11034,1yqw.pdb,147,A,CYS,FE1
1116,11036,1yqw.pdb,212,A,CYS,FE1
1117,11037,1yqw.pdb,248,A,CYS,FE1
1118,11041,1yqw.pdb,147,B,CYS,FE1
1119,11043,1yqw.pdb,212,B,CYS,FE1
1120,11044,1yqw.pdb,248,B,CYS,FE1
1121,11048,1yqw.pdb,147,C,CYS,FE1
1122,11050,1yqw.pdb,212,C,CYS,FE1
1123,11051,1yqw.pdb,248,C,CYS,FE1
1124,11588,4s26.pdb,570,A,CYS,FE1
1125,11590,4s26.pdb,570,B,CYS,FE1
1126,11753,2hu9.pdb,75,A,CYS,FE1
1127,11756,2hu9.pdb,119,A,CYS,FE1
1128,11761,2hu9.pdb,75,B,CYS,FE1
1129,11764,2hu9.pdb,119,B,CYS,FE1
1130,11890,5bvh.pdb,275,A,CYS,FE1
1131,11891,5bvh.pdb,275,A,CYS,FE1
1132,11892,5bvh.pdb,95,B,CYS,FE1
1133,11894,5bvh.pdb,275,C,CYS,FE1
1134,11895,5bvh.pdb,275,C,CYS,FE1
1135,11896,5bvh.pdb,95,D,CYS,FE1
1136,11970,4jyd.pdb,67,A,CYS,FE1
1137,11973,4nbg.pdb,69,A,CYS,FE1
1138,11974,4nbg.pdb,90,A,CYS,FE1
1139,11975,4nbg.pdb,69,B,CYS,FE1
1140,11976,4nbg.pdb,90,B,CYS,FE1
1141,11977,4nbg.pdb,69,C,CYS,FE1
1142,11978,4nbg.pdb,90,C,CYS,FE1
1143,11981,4nbg.pdb,46,E,CYS,FE1
1144,11982,4nbg.pdb,65,E,CYS,FE1
1145,12110,3lgb.pdb,417,A,CYS,FE1
1146,12112,3lgb.pdb,336,B,CYS,FE1
1147,12122,6icq.pdb,62,A,CYS,FE1
1148,12123,6icq.pdb,81,A,CYS,FE1
1149,12124,6icq.pdb,62,B,CYS,FE1
1150,12125,6icq.pdb,81,B,CYS,FE1
1151,12487,2de5.pdb,69,A,CYS,FE1
1152,12488,2de5.pdb,90,A,CYS,FE1
1153,12489,2de5.pdb,69,B,CYS,FE1
1154,12490,2de5.pdb,90,B,CYS,FE1
1155,12491,2de5.pdb,69,C,CYS,FE1
1156,12492,2de5.pdb,90,C,CYS,FE1
1157,12493,2de5.pdb,46,D,CYS,FE1
1158,12494,2de5.pdb,65,D,CYS,FE1
1159,12495,2de5.pdb,46,E,CYS,FE1
1160,12496,2de5.pdb,65,E,CYS,FE1
1161,12497,2de5.pdb,46,F,CYS,FE1
1162,12498,2de5.pdb,65,F,CYS,FE1
1163,12738,2bmr.pdb,79,A,CYS,FE1
1164,12739,2bmr.pdb,99,A,CYS,FE1
1165,13325,4wza.pdb,275,A,CYS,FE1
1166,13326,4wza.pdb,95,B,CYS,FE1
1167,13328,4wza.pdb,275,C,CYS,FE1
1168,13329,4wza.pdb,95,D,CYS,FE1
1169,13330,4wza.pdb,97,E,CYS,FE1
1170,13332,4wza.pdb,97,G,CYS,FE1
1171,13849,6dc2.pdb,51,A,CYS,FE1
1172,13852,6dc2.pdb,340,A,CYS,FE1
1173,13854,6dc2.pdb,42,B,CYS,FE1
1174,13855,6dc2.pdb,45,B,CYS,FE1
1175,13856,6dc2.pdb,51,B,CYS,FE1
1176,13859,6dc2.pdb,340,B,CYS,FE1
1177,13863,6dc2.pdb,51,C,CYS,FE1
1178,13866,6dc2.pdb,340,C,CYS,FE1
1179,13868,6dc2.pdb,42,D,CYS,FE1
1180,13869,6dc2.pdb,45,D,CYS,FE1
1181,13870,6dc2.pdb,51,D,CYS,FE1
1182,13873,6dc2.pdb,340,D,CYS,FE1
1183,14209,5t5i.pdb,16,B,CYS,FE1
1184,14212,5t5i.pdb,77,F,CYS,FE1
1185,14213,5t5i.pdb,81,F,CYS,FE1
1186,14215,5t5i.pdb,125,F,CYS,FE1
1187,14217,5t5i.pdb,160,F,CYS,FE1
1188,14219,5t5i.pdb,197,F,CYS,FE1
1189,14221,5t5i.pdb,249,F,CYS,FE1
1190,14224,5t5i.pdb,308,F,CYS,FE1
1191,14225,5t5i.pdb,318,F,CYS,FE1
1192,14227,5t5i.pdb,18,G,CYS,FE1
1193,14229,5t5i.pdb,64,G,CYS,FE1
1194,14231,5t5i.pdb,12,J,CYS,FE1
1195,14232,5t5i.pdb,31,N,CYS,FE1
1196,14234,5t5i.pdb,41,N,CYS,FE1
1197,14236,5t5i.pdb,115,N,CYS,FE1
1198,14238,5t5i.pdb,125,N,CYS,FE1
1199,14241,5t5i.pdb,200,N,CYS,FE1
1200,14242,5t5i.pdb,204,N,CYS,FE1
1201,14245,5t5i.pdb,281,N,CYS,FE1
1202,14247,5t5i.pdb,318,N,CYS,FE1
1203,14249,5t5i.pdb,18,P,CYS,FE1
1204,14251,5t5i.pdb,64,P,CYS,FE1
1205,14940,3gte.pdb,49,A,CYS,FE1
1206,14941,3gte.pdb,68,A,CYS,FE1
1207,14942,3gte.pdb,49,B,CYS,FE1
1208,14943,3gte.pdb,68,B,CYS,FE1
1209,14944,3gte.pdb,49,C,CYS,FE1
1210,14945,3gte.pdb,68,C,CYS,FE1
1211,15035,5aew.pdb,100,A,CYS,FE1
1212,15036,5aew.pdb,120,A,CYS,FE1
1213,15037,5aew.pdb,100,C,CYS,FE1
1214,15038,5aew.pdb,120,C,CYS,FE1
1215,15039,5aew.pdb,100,E,CYS,FE1
1216,15040,5aew.pdb,120,E,CYS,FE1
1217,15041,5aew.pdb,100,G,CYS,FE1
1218,15042,5aew.pdb,120,G,CYS,FE1
1219,15043,5aew.pdb,100,I,CYS,FE1
1220,15044,5aew.pdb,120,I,CYS,FE1
1221,15045,5aew.pdb,100,K,CYS,FE1
1222,15046,5aew.pdb,120,K,CYS,FE1
1223,15047,5aew.pdb,100,M,CYS,FE1
1224,15048,5aew.pdb,120,M,CYS,FE1
1225,15049,5aew.pdb,100,O,CYS,FE1
1226,15050,5aew.pdb,120,O,CYS,FE1
1227,15051,5aew.pdb,100,Q,CYS,FE1
1228,15052,5aew.pdb,120,Q,CYS,FE1
1229,15055,5aew.pdb,100,U,CYS,FE1
1230,15056,5aew.pdb,120,U,CYS,FE1
1231,15057,5aew.pdb,100,W,CYS,FE1
1232,15058,5aew.pdb,120,W,CYS,FE1
1233,15470,3ze7.pdb,18,A,CYS,FE1
1234,15473,3ze7.pdb,238,A,CYS,FE1
1235,15475,3ze7.pdb,268,A,CYS,FE1
1236,15603,4r34.pdb,95,A,CYS,FE1
1237,15605,4r34.pdb,95,B,CYS,FE1
1238,15791,6onc.pdb,51,A,CYS,FE1
1239,15794,6onc.pdb,340,A,CYS,FE1
1240,15796,6onc.pdb,42,B,CYS,FE1
1241,15797,6onc.pdb,45,B,CYS,FE1
1242,15798,6onc.pdb,51,B,CYS,FE1
1243,15801,6onc.pdb,340,B,CYS,FE1
1244,15805,6onc.pdb,51,C,CYS,FE1
1245,15808,6onc.pdb,340,C,CYS,FE1
1246,15810,6onc.pdb,42,D,CYS,FE1
1247,15811,6onc.pdb,45,D,CYS,FE1
1248,15812,6onc.pdb,51,D,CYS,FE1
1249,15815,6onc.pdb,340,D,CYS,FE1
1250,15952,4nbc.pdb,69,A,CYS,FE1
1251,15953,4nbc.pdb,90,A,CYS,FE1
1252,15954,4nbc.pdb,69,B,CYS,FE1
1253,15955,4nbc.pdb,90,B,CYS,FE1
1254,15956,4nbc.pdb,69,C,CYS,FE1
1255,15957,4nbc.pdb,90,C,CYS,FE1
1256,15960,4nbc.pdb,46,E,CYS,FE1
1257,15961,4nbc.pdb,65,E,CYS,FE1
1258,16010,5vpw.pdb,145,A,CYS,FE1
1259,16011,5vpw.pdb,262,A,CYS,FE1
1260,16013,5vpw.pdb,145,C,CYS,FE1
1261,16014,5vpw.pdb,262,C,CYS,FE1
1262,16293,3gke.pdb,49,B,CYS,FE1
1263,16294,3gke.pdb,68,B,CYS,FE1
1264,16973,2de6.pdb,69,A,CYS,FE1
1265,16974,2de6.pdb,90,A,CYS,FE1
1266,16975,2de6.pdb,69,B,CYS,FE1
1267,16976,2de6.pdb,90,B,CYS,FE1
1268,16977,2de6.pdb,69,C,CYS,FE1
1269,16978,2de6.pdb,90,C,CYS,FE1
1270,16979,2de6.pdb,46,D,CYS,FE1
1271,16980,2de6.pdb,65,D,CYS,FE1
1272,16981,2de6.pdb,46,E,CYS,FE1
1273,16982,2de6.pdb,65,E,CYS,FE1
1274,16983,2de6.pdb,46,F,CYS,FE1
1275,16984,2de6.pdb,65,F,CYS,FE1
1276,17136,3vmg.pdb,69,A,CYS,FE1
1277,17137,3vmg.pdb,90,A,CYS,FE1
1278,17138,3vmg.pdb,69,B,CYS,FE1
1279,17139,3vmg.pdb,90,B,CYS,FE1
1280,17140,3vmg.pdb,69,C,CYS,FE1
1281,17141,3vmg.pdb,90,C,CYS,FE1
1282,17144,3vmg.pdb,46,E,CYS,FE1
1283,17145,3vmg.pdb,65,E,CYS,FE1
1284,17170,3ze6.pdb,18,A,CYS,FE1
1285,17171,3ze6.pdb,18,A,CYS,FE1
1286,17175,3ze6.pdb,238,A,CYS,FE1
1287,17177,3ze6.pdb,268,A,CYS,FE1
1288,17444,6o7p.pdb,275,A,CYS,FE1
1289,17449,6o7p.pdb,95,B,CYS,FE1
1290,17459,6o7p.pdb,275,C,CYS,FE1
1291,17463,6o7p.pdb,95,D,CYS,FE1
1292,18105,2bmq.pdb,79,A,CYS,FE1
1293,18106,2bmq.pdb,99,A,CYS,FE1
1294,18211,2ckf.pdb,80,A,CYS,FE1
1295,18212,2ckf.pdb,100,A,CYS,FE1
1296,18213,2ckf.pdb,80,C,CYS,FE1
1297,18214,2ckf.pdb,100,C,CYS,FE1
1298,18215,2ckf.pdb,80,E,CYS,FE1
1299,18216,2ckf.pdb,100,E,CYS,FE1
1300,18593,4tkv.pdb,275,A,CYS,FE1
1301,18594,4tkv.pdb,95,B,CYS,FE1
1302,18596,4tkv.pdb,275,C,CYS,FE1
1303,18597,4tkv.pdb,95,D,CYS,FE1
1304,18950,4wn9.pdb,145,A,CYS,FE1
1305,18951,4wn9.pdb,262,A,CYS,FE1
1306,18953,4wn9.pdb,145,C,CYS,FE1
1307,18954,4wn9.pdb,262,C,CYS,FE1
